image_path,emotion
0.jpg,sad
1.jpg,neutral
10.jpg,anger
100.jpg,sad
1000.jpg,happy
1001.jpg,contempt
1002.jpg,contempt
1003.jpg,sad
1004.jpg,neutral
1005.jpg,surprise
1006.jpg,sad
1007.jpg,surprise
1008.jpg,neutral
1009.jpg,neutral
101.jpg,fear
1010.jpg,surprise
1011.jpg,anger
1012.jpg,sad
1013.jpg,surprise
1014.jpg,happy
1015.jpg,contempt
1016.jpg,fear
1017.jpg,disgust
1018.jpg,sad
1019.jpg,surprise
102.jpg,happy
1020.jpg,neutral
1021.jpg,neutral
1022.jpg,uncertain
1023.jpg,neutral
1024.jpg,fear
1025.jpg,uncertain
1026.jpg,anger
1027.jpg,neutral
1028.jpg,happy
1029.jpg,uncertain
103.jpg,sad
1030.jpg,fear
1031.jpg,uncertain
1032.jpg,neutral
1033.jpg,sad
1034.jpg,surprise
1035.jpg,neutral
1036.jpg,anger
1037.jpg,surprise
1038.jpg,fear
1039.jpg,contempt
104.jpg,surprise
1040.jpg,sad
1041.jpg,contempt
1042.jpg,anger
1043.jpg,fear
1044.jpg,uncertain
1045.jpg,happy
1046.jpg,sad
1047.jpg,surprise
1048.jpg,anger
1049.jpg,surprise
105.jpg,anger
1050.jpg,happy
1051.jpg,surprise
1052.jpg,neutral
1053.jpg,neutral
1054.jpg,anger
1055.jpg,surprise
1056.jpg,contempt
1057.jpg,sad
1058.jpg,fear
1059.jpg,neutral
106.jpg,uncertain
1060.jpg,contempt
1061.jpg,anger
1062.jpg,happy
1063.jpg,fear
1064.jpg,anger
1065.jpg,anger
1066.jpg,contempt
1067.jpg,neutral
1068.jpg,anger
1069.jpg,sad
107.jpg,fear
1070.jpg,uncertain
1071.jpg,sad
1072.jpg,surprise
1073.jpg,sad
1074.jpg,sad
1075.jpg,contempt
1076.jpg,disgust
1077.jpg,contempt
1078.jpg,happy
1079.jpg,happy
108.jpg,uncertain
1080.jpg,anger
1081.jpg,surprise
1082.jpg,anger
1083.jpg,anger
1084.jpg,neutral
1085.jpg,surprise
1086.jpg,anger
1087.jpg,anger
1088.jpg,surprise
1089.jpg,anger
109.jpg,disgust
1090.jpg,happy
1091.jpg,fear
1092.jpg,anger
1093.jpg,sad
1094.jpg,uncertain
1095.jpg,anger
1096.jpg,uncertain
1097.jpg,contempt
1098.jpg,anger
1099.jpg,fear
11.jpg,anger
110.jpg,fear
1100.jpg,anger
1101.jpg,happy
1102.jpg,surprise
1103.jpg,fear
1104.jpg,surprise
1105.jpg,surprise
1106.jpg,contempt
1107.jpg,happy
1108.jpg,fear
1109.jpg,anger
111.jpg,anger
1110.jpg,happy
1111.jpg,anger
1112.jpg,uncertain
1113.jpg,anger
1114.jpg,sad
1115.jpg,uncertain
1116.jpg,contempt
1117.jpg,fear
1118.jpg,anger
1119.jpg,surprise
112.jpg,surprise
1120.jpg,fear
1121.jpg,sad
1122.jpg,fear
1123.jpg,neutral
1124.jpg,fear
1125.jpg,fear
1126.jpg,fear
1127.jpg,fear
1128.jpg,uncertain
1129.jpg,happy
113.jpg,surprise
1130.jpg,sad
1131.jpg,surprise
1132.jpg,fear
1133.jpg,fear
1134.jpg,surprise
1135.jpg,surprise
1136.jpg,uncertain
1137.jpg,contempt
1138.jpg,fear
1139.jpg,anger
114.jpg,happy
1140.jpg,sad
1141.jpg,anger
1142.jpg,sad
1143.jpg,neutral
1144.jpg,sad
1145.jpg,neutral
1146.jpg,surprise
1147.jpg,sad
1148.jpg,neutral
1149.jpg,fear
115.jpg,neutral
1150.jpg,anger
1151.jpg,anger
1152.jpg,anger
1153.jpg,anger
1154.jpg,happy
1155.jpg,fear
1156.jpg,anger
1157.jpg,surprise
1158.jpg,surprise
1159.jpg,uncertain
116.jpg,contempt
1160.jpg,surprise
1161.jpg,sad
1162.jpg,fear
1163.jpg,neutral
1164.jpg,uncertain
1165.jpg,uncertain
1166.jpg,happy
1167.jpg,fear
1168.jpg,contempt
1169.jpg,sad
117.jpg,happy
1170.jpg,uncertain
1171.jpg,neutral
1172.jpg,happy
1173.jpg,contempt
1174.jpg,fear
1175.jpg,anger
1176.jpg,fear
1177.jpg,fear
1178.jpg,happy
1179.jpg,uncertain
118.jpg,anger
1180.jpg,surprise
1181.jpg,neutral
1182.jpg,uncertain
1183.jpg,happy
1184.jpg,sad
1185.jpg,neutral
1186.jpg,anger
1187.jpg,uncertain
1188.jpg,contempt
1189.jpg,uncertain
119.jpg,sad
1190.jpg,sad
1191.jpg,fear
1192.jpg,fear
1193.jpg,uncertain
1194.jpg,sad
1195.jpg,sad
1196.jpg,anger
1197.jpg,fear
1198.jpg,anger
1199.jpg,contempt
12.jpg,contempt
120.jpg,fear
1200.jpg,anger
1201.jpg,anger
1202.jpg,anger
1203.jpg,contempt
1204.jpg,uncertain
1205.jpg,happy
1206.jpg,fear
1207.jpg,uncertain
1208.jpg,anger
1209.jpg,neutral
121.jpg,anger
1210.jpg,sad
1211.jpg,surprise
1212.jpg,uncertain
1213.jpg,surprise
1214.jpg,uncertain
1215.jpg,surprise
1216.jpg,uncertain
1217.jpg,sad
1218.jpg,surprise
1219.jpg,sad
122.jpg,sad
1220.jpg,sad
1221.jpg,sad
1222.jpg,sad
1223.jpg,fear
1224.jpg,anger
1225.jpg,happy
1226.jpg,sad
1227.jpg,sad
1228.jpg,sad
1229.jpg,anger
123.jpg,neutral
1230.jpg,anger
1231.jpg,happy
1232.jpg,fear
1233.jpg,fear
1234.jpg,anger
1235.jpg,anger
1236.jpg,sad
1237.jpg,sad
1238.jpg,contempt
1239.jpg,anger
124.jpg,happy
1240.jpg,contempt
1241.jpg,anger
1242.jpg,uncertain
1243.jpg,fear
1244.jpg,happy
1245.jpg,surprise
1246.jpg,sad
1247.jpg,neutral
1248.jpg,surprise
1249.jpg,surprise
125.jpg,disgust
1250.jpg,neutral
1251.jpg,sad
1252.jpg,uncertain
1253.jpg,contempt
1254.jpg,fear
1255.jpg,fear
1256.jpg,surprise
1257.jpg,anger
1258.jpg,surprise
1259.jpg,neutral
126.jpg,neutral
1260.jpg,sad
1261.jpg,neutral
1262.jpg,contempt
1263.jpg,fear
1264.jpg,uncertain
1265.jpg,happy
1266.jpg,sad
1267.jpg,contempt
1268.jpg,disgust
1269.jpg,anger
127.jpg,uncertain
1270.jpg,contempt
1271.jpg,sad
1272.jpg,neutral
1273.jpg,happy
1274.jpg,contempt
1275.jpg,sad
1276.jpg,neutral
1277.jpg,surprise
1278.jpg,uncertain
1279.jpg,fear
128.jpg,uncertain
1280.jpg,uncertain
1281.jpg,surprise
1282.jpg,uncertain
1283.jpg,uncertain
1284.jpg,anger
1285.jpg,neutral
1286.jpg,fear
1287.jpg,fear
1288.jpg,disgust
1289.jpg,contempt
129.jpg,uncertain
1290.jpg,neutral
1291.jpg,sad
1292.jpg,uncertain
1293.jpg,fear
1294.jpg,surprise
1295.jpg,uncertain
1296.jpg,anger
1297.jpg,surprise
1298.jpg,neutral
1299.jpg,happy
13.jpg,neutral
130.jpg,fear
1300.jpg,anger
1301.jpg,surprise
1302.jpg,neutral
1303.jpg,sad
1304.jpg,surprise
1305.jpg,surprise
1306.jpg,surprise
1307.jpg,uncertain
1308.jpg,neutral
1309.jpg,contempt
131.jpg,sad
1310.jpg,surprise
1311.jpg,fear
1312.jpg,uncertain
1313.jpg,disgust
1314.jpg,contempt
1315.jpg,disgust
1316.jpg,sad
1317.jpg,neutral
1318.jpg,neutral
1319.jpg,neutral
132.jpg,happy
1320.jpg,sad
1321.jpg,uncertain
1322.jpg,uncertain
1323.jpg,contempt
1324.jpg,anger
1325.jpg,surprise
1326.jpg,anger
1327.jpg,contempt
1328.jpg,surprise
1329.jpg,uncertain
133.jpg,sad
1330.jpg,surprise
1331.jpg,sad
1332.jpg,contempt
1333.jpg,happy
1334.jpg,sad
1335.jpg,sad
1336.jpg,uncertain
1337.jpg,fear
1338.jpg,neutral
1339.jpg,sad
134.jpg,surprise
1340.jpg,fear
1341.jpg,happy
1342.jpg,uncertain
1343.jpg,anger
1344.jpg,sad
1345.jpg,surprise
1346.jpg,happy
1347.jpg,disgust
1348.jpg,neutral
1349.jpg,happy
135.jpg,surprise
1350.jpg,fear
1351.jpg,sad
1352.jpg,sad
1353.jpg,surprise
1354.jpg,sad
1355.jpg,fear
1356.jpg,sad
1357.jpg,happy
1358.jpg,anger
1359.jpg,anger
136.jpg,contempt
1360.jpg,fear
1361.jpg,neutral
1362.jpg,surprise
1363.jpg,neutral
1364.jpg,fear
1365.jpg,sad
1366.jpg,anger
1367.jpg,sad
1368.jpg,contempt
1369.jpg,anger
137.jpg,fear
1370.jpg,anger
1371.jpg,anger
1372.jpg,neutral
1373.jpg,uncertain
1374.jpg,anger
1375.jpg,happy
1376.jpg,uncertain
1377.jpg,fear
1378.jpg,surprise
1379.jpg,surprise
138.jpg,uncertain
1380.jpg,fear
1381.jpg,sad
1382.jpg,uncertain
1383.jpg,surprise
1384.jpg,neutral
1385.jpg,contempt
1386.jpg,happy
1387.jpg,uncertain
1388.jpg,surprise
1389.jpg,fear
139.jpg,anger
1390.jpg,fear
1391.jpg,contempt
1392.jpg,uncertain
1393.jpg,sad
1394.jpg,anger
1395.jpg,anger
1396.jpg,fear
1397.jpg,uncertain
1398.jpg,fear
1399.jpg,happy
14.jpg,neutral
140.jpg,fear
1400.jpg,happy
1401.jpg,uncertain
1402.jpg,anger
1403.jpg,anger
1404.jpg,sad
1405.jpg,uncertain
1406.jpg,fear
1407.jpg,anger
1408.jpg,disgust
1409.jpg,uncertain
141.jpg,uncertain
1410.jpg,sad
1411.jpg,sad
1412.jpg,anger
1413.jpg,surprise
1414.jpg,happy
1415.jpg,uncertain
1416.jpg,surprise
1417.jpg,uncertain
1418.jpg,sad
1419.jpg,anger
142.jpg,uncertain
1420.jpg,contempt
1421.jpg,sad
1422.jpg,anger
1423.jpg,happy
1424.jpg,neutral
1425.jpg,neutral
1426.jpg,neutral
1427.jpg,sad
1428.jpg,surprise
1429.jpg,neutral
143.jpg,contempt
1430.jpg,contempt
1431.jpg,sad
1432.jpg,happy
1433.jpg,fear
1434.jpg,sad
1435.jpg,disgust
1436.jpg,happy
1437.jpg,fear
1438.jpg,sad
1439.jpg,contempt
144.jpg,anger
1440.jpg,fear
1441.jpg,sad
1442.jpg,fear
1443.jpg,surprise
1444.jpg,happy
1445.jpg,sad
1446.jpg,neutral
1447.jpg,surprise
1448.jpg,disgust
1449.jpg,anger
145.jpg,sad
1450.jpg,fear
1451.jpg,sad
1452.jpg,disgust
1453.jpg,fear
1454.jpg,surprise
1455.jpg,anger
1456.jpg,sad
1457.jpg,contempt
1458.jpg,fear
1459.jpg,uncertain
146.jpg,surprise
1460.jpg,neutral
1461.jpg,happy
1462.jpg,surprise
1463.jpg,uncertain
1464.jpg,anger
1465.jpg,uncertain
1466.jpg,neutral
1467.jpg,surprise
1468.jpg,anger
1469.jpg,contempt
147.jpg,fear
1470.jpg,neutral
1471.jpg,happy
1472.jpg,surprise
1473.jpg,fear
1474.jpg,anger
1475.jpg,anger
1476.jpg,anger
1477.jpg,uncertain
1478.jpg,surprise
1479.jpg,surprise
148.jpg,anger
1480.jpg,fear
1481.jpg,uncertain
1482.jpg,uncertain
1483.jpg,uncertain
1484.jpg,sad
1485.jpg,contempt
1486.jpg,sad
1487.jpg,surprise
1488.jpg,neutral
1489.jpg,sad
149.jpg,fear
1490.jpg,sad
1491.jpg,uncertain
1492.jpg,fear
1493.jpg,neutral
1494.jpg,fear
1495.jpg,anger
1496.jpg,fear
1497.jpg,happy
1498.jpg,happy
1499.jpg,happy
15.jpg,neutral
150.jpg,fear
1500.jpg,happy
1501.jpg,happy
1502.jpg,contempt
1503.jpg,anger
1504.jpg,contempt
1505.jpg,anger
1506.jpg,contempt
1507.jpg,fear
1508.jpg,disgust
1509.jpg,fear
151.jpg,uncertain
1510.jpg,fear
1511.jpg,anger
1512.jpg,anger
1513.jpg,surprise
1514.jpg,uncertain
1515.jpg,surprise
1516.jpg,uncertain
1517.jpg,anger
1518.jpg,contempt
1519.jpg,sad
152.jpg,fear
1520.jpg,surprise
1521.jpg,uncertain
1522.jpg,anger
1523.jpg,neutral
1524.jpg,fear
1525.jpg,uncertain
1526.jpg,surprise
1527.jpg,sad
1528.jpg,neutral
1529.jpg,fear
153.jpg,uncertain
1530.jpg,happy
1531.jpg,surprise
1532.jpg,anger
1533.jpg,happy
1534.jpg,contempt
1535.jpg,surprise
1536.jpg,happy
1537.jpg,sad
1538.jpg,anger
1539.jpg,anger
154.jpg,happy
1540.jpg,sad
1541.jpg,anger
1542.jpg,fear
1543.jpg,happy
1544.jpg,neutral
1545.jpg,happy
1546.jpg,fear
1547.jpg,disgust
1548.jpg,disgust
1549.jpg,uncertain
155.jpg,anger
1550.jpg,neutral
1551.jpg,neutral
1552.jpg,surprise
1553.jpg,anger
1554.jpg,surprise
1555.jpg,uncertain
1556.jpg,uncertain
1557.jpg,sad
1558.jpg,happy
1559.jpg,uncertain
156.jpg,surprise
1560.jpg,surprise
1561.jpg,anger
1562.jpg,contempt
1563.jpg,contempt
1564.jpg,sad
1565.jpg,happy
1566.jpg,happy
1567.jpg,neutral
1568.jpg,uncertain
1569.jpg,happy
157.jpg,sad
1570.jpg,sad
1571.jpg,surprise
1572.jpg,anger
1573.jpg,happy
1574.jpg,contempt
1575.jpg,uncertain
1576.jpg,surprise
1577.jpg,anger
1578.jpg,happy
1579.jpg,fear
158.jpg,sad
1580.jpg,uncertain
1581.jpg,surprise
1582.jpg,surprise
1583.jpg,surprise
1584.jpg,neutral
1585.jpg,fear
1586.jpg,anger
1587.jpg,uncertain
1588.jpg,surprise
1589.jpg,anger
159.jpg,anger
1590.jpg,anger
1591.jpg,uncertain
1592.jpg,surprise
1593.jpg,surprise
1594.jpg,surprise
1595.jpg,surprise
1596.jpg,happy
1597.jpg,contempt
1598.jpg,happy
1599.jpg,contempt
16.jpg,surprise
160.jpg,happy
1600.jpg,surprise
1601.jpg,neutral
1602.jpg,fear
1603.jpg,anger
1604.jpg,fear
1605.jpg,anger
1606.jpg,sad
1607.jpg,uncertain
1608.jpg,sad
1609.jpg,happy
161.jpg,anger
1610.jpg,anger
1611.jpg,surprise
1612.jpg,sad
1613.jpg,happy
1614.jpg,contempt
1615.jpg,uncertain
1616.jpg,sad
1617.jpg,sad
1618.jpg,anger
1619.jpg,sad
162.jpg,contempt
1620.jpg,neutral
1621.jpg,anger
1622.jpg,happy
1623.jpg,neutral
1624.jpg,neutral
1625.jpg,neutral
1626.jpg,neutral
1627.jpg,sad
1628.jpg,sad
1629.jpg,neutral
163.jpg,anger
1630.jpg,neutral
1631.jpg,fear
1632.jpg,neutral
1633.jpg,surprise
1634.jpg,sad
1635.jpg,neutral
1636.jpg,sad
1637.jpg,surprise
1638.jpg,anger
1639.jpg,anger
164.jpg,anger
1640.jpg,disgust
1641.jpg,uncertain
1642.jpg,anger
1643.jpg,happy
1644.jpg,sad
1645.jpg,contempt
1646.jpg,happy
1647.jpg,fear
1648.jpg,surprise
1649.jpg,fear
165.jpg,sad
1650.jpg,fear
1651.jpg,surprise
1652.jpg,anger
1653.jpg,anger
1654.jpg,sad
1655.jpg,surprise
1656.jpg,uncertain
1657.jpg,fear
1658.jpg,contempt
1659.jpg,uncertain
166.jpg,surprise
1660.jpg,uncertain
1661.jpg,contempt
1662.jpg,fear
1663.jpg,happy
1664.jpg,neutral
1665.jpg,happy
1666.jpg,contempt
1667.jpg,contempt
1668.jpg,fear
1669.jpg,anger
167.jpg,fear
1670.jpg,fear
1671.jpg,happy
1672.jpg,fear
1673.jpg,surprise
1674.jpg,surprise
1675.jpg,sad
1676.jpg,fear
1677.jpg,sad
1678.jpg,happy
1679.jpg,sad
168.jpg,neutral
1680.jpg,uncertain
1681.jpg,anger
1682.jpg,sad
1683.jpg,neutral
1684.jpg,sad
1685.jpg,anger
1686.jpg,anger
1687.jpg,contempt
1688.jpg,anger
1689.jpg,fear
169.jpg,happy
1690.jpg,contempt
1691.jpg,surprise
1692.jpg,happy
1693.jpg,surprise
1694.jpg,anger
1695.jpg,fear
1696.jpg,contempt
1697.jpg,sad
1698.jpg,fear
1699.jpg,uncertain
17.jpg,uncertain
170.jpg,sad
1700.jpg,happy
1701.jpg,sad
1702.jpg,contempt
1703.jpg,fear
1704.jpg,sad
1705.jpg,sad
1706.jpg,anger
1707.jpg,sad
1708.jpg,sad
1709.jpg,sad
171.jpg,neutral
1710.jpg,fear
1711.jpg,neutral
1712.jpg,neutral
1713.jpg,anger
1714.jpg,happy
1715.jpg,anger
1716.jpg,contempt
1717.jpg,surprise
1718.jpg,contempt
1719.jpg,surprise
172.jpg,uncertain
1720.jpg,contempt
1721.jpg,uncertain
1722.jpg,fear
1723.jpg,sad
1724.jpg,happy
1725.jpg,fear
1726.jpg,anger
1727.jpg,surprise
1728.jpg,neutral
1729.jpg,uncertain
173.jpg,anger
1730.jpg,contempt
1731.jpg,surprise
1732.jpg,neutral
1733.jpg,surprise
1734.jpg,neutral
1735.jpg,uncertain
1736.jpg,fear
1737.jpg,sad
1738.jpg,fear
1739.jpg,fear
174.jpg,anger
1740.jpg,uncertain
1741.jpg,contempt
1742.jpg,neutral
1743.jpg,sad
1744.jpg,fear
1745.jpg,anger
1746.jpg,sad
1747.jpg,happy
1748.jpg,surprise
1749.jpg,disgust
175.jpg,sad
1750.jpg,surprise
1751.jpg,surprise
1752.jpg,anger
1753.jpg,surprise
1754.jpg,uncertain
1755.jpg,happy
1756.jpg,anger
1757.jpg,anger
1758.jpg,sad
1759.jpg,neutral
176.jpg,surprise
1760.jpg,contempt
1761.jpg,uncertain
1762.jpg,fear
1763.jpg,happy
1764.jpg,disgust
1765.jpg,surprise
1766.jpg,surprise
1767.jpg,surprise
1768.jpg,neutral
1769.jpg,contempt
177.jpg,contempt
1770.jpg,surprise
1771.jpg,surprise
1772.jpg,neutral
1773.jpg,anger
1774.jpg,fear
1775.jpg,uncertain
1776.jpg,anger
1777.jpg,uncertain
1778.jpg,surprise
1779.jpg,neutral
178.jpg,happy
1780.jpg,uncertain
1781.jpg,neutral
1782.jpg,surprise
1783.jpg,neutral
1784.jpg,happy
1785.jpg,disgust
1786.jpg,fear
1787.jpg,neutral
1788.jpg,uncertain
1789.jpg,happy
179.jpg,fear
1790.jpg,contempt
1791.jpg,disgust
1792.jpg,neutral
1793.jpg,surprise
1794.jpg,happy
1795.jpg,contempt
1796.jpg,anger
1797.jpg,anger
1798.jpg,sad
1799.jpg,happy
18.jpg,fear
180.jpg,fear
1800.jpg,anger
1801.jpg,neutral
1802.jpg,uncertain
1803.jpg,uncertain
1804.jpg,contempt
1805.jpg,anger
1806.jpg,uncertain
1807.jpg,happy
1808.jpg,anger
1809.jpg,fear
181.jpg,surprise
1810.jpg,surprise
1811.jpg,uncertain
1812.jpg,neutral
1813.jpg,surprise
1814.jpg,disgust
1815.jpg,happy
1816.jpg,neutral
1817.jpg,fear
1818.jpg,happy
1819.jpg,sad
182.jpg,happy
1820.jpg,uncertain
1821.jpg,sad
1822.jpg,neutral
1823.jpg,anger
1824.jpg,uncertain
1825.jpg,sad
1826.jpg,sad
1827.jpg,surprise
1828.jpg,anger
1829.jpg,fear
183.jpg,anger
1830.jpg,anger
1831.jpg,fear
1832.jpg,surprise
1833.jpg,anger
1834.jpg,surprise
1835.jpg,fear
1836.jpg,contempt
1837.jpg,fear
1838.jpg,happy
1839.jpg,sad
184.jpg,neutral
1840.jpg,neutral
1841.jpg,sad
1842.jpg,surprise
1843.jpg,fear
1844.jpg,happy
1845.jpg,anger
1846.jpg,surprise
1847.jpg,surprise
1848.jpg,anger
1849.jpg,uncertain
185.jpg,uncertain
1850.jpg,neutral
1851.jpg,anger
1852.jpg,sad
1853.jpg,sad
1854.jpg,sad
1855.jpg,sad
1856.jpg,anger
1857.jpg,anger
1858.jpg,happy
1859.jpg,fear
186.jpg,sad
1860.jpg,surprise
1861.jpg,fear
1862.jpg,uncertain
1863.jpg,sad
1864.jpg,fear
1865.jpg,surprise
1866.jpg,happy
1867.jpg,anger
1868.jpg,surprise
1869.jpg,uncertain
187.jpg,fear
1870.jpg,disgust
1871.jpg,uncertain
1872.jpg,uncertain
1873.jpg,neutral
1874.jpg,disgust
1875.jpg,fear
1876.jpg,anger
1877.jpg,uncertain
1878.jpg,sad
1879.jpg,fear
188.jpg,sad
1880.jpg,uncertain
1881.jpg,anger
1882.jpg,fear
1883.jpg,fear
1884.jpg,surprise
1885.jpg,fear
1886.jpg,surprise
1887.jpg,surprise
1888.jpg,anger
1889.jpg,happy
189.jpg,contempt
1890.jpg,happy
1891.jpg,anger
1892.jpg,surprise
1893.jpg,happy
1894.jpg,anger
1895.jpg,contempt
1896.jpg,contempt
1897.jpg,neutral
1898.jpg,surprise
1899.jpg,sad
19.jpg,sad
190.jpg,anger
1900.jpg,surprise
1901.jpg,contempt
1902.jpg,anger
1903.jpg,neutral
1904.jpg,fear
1905.jpg,surprise
1906.jpg,anger
1907.jpg,neutral
1908.jpg,neutral
1909.jpg,disgust
191.jpg,fear
1910.jpg,sad
1911.jpg,contempt
1912.jpg,surprise
1913.jpg,uncertain
1914.jpg,surprise
1915.jpg,happy
1916.jpg,anger
1917.jpg,sad
1918.jpg,anger
1919.jpg,anger
192.jpg,uncertain
1920.jpg,contempt
1921.jpg,uncertain
1922.jpg,neutral
1923.jpg,uncertain
1924.jpg,neutral
1925.jpg,happy
1926.jpg,anger
1927.jpg,anger
1928.jpg,fear
1929.jpg,surprise
193.jpg,surprise
1930.jpg,sad
1931.jpg,surprise
1932.jpg,sad
1933.jpg,uncertain
1934.jpg,contempt
1935.jpg,sad
1936.jpg,contempt
1937.jpg,neutral
1938.jpg,uncertain
1939.jpg,neutral
194.jpg,happy
1940.jpg,uncertain
1941.jpg,anger
1942.jpg,neutral
1943.jpg,neutral
1944.jpg,sad
1945.jpg,surprise
1946.jpg,neutral
1947.jpg,contempt
1948.jpg,sad
1949.jpg,neutral
195.jpg,uncertain
1950.jpg,contempt
1951.jpg,happy
1952.jpg,fear
1953.jpg,uncertain
1954.jpg,fear
1955.jpg,sad
1956.jpg,sad
1957.jpg,sad
1958.jpg,surprise
1959.jpg,surprise
196.jpg,contempt
1960.jpg,surprise
1961.jpg,anger
1962.jpg,fear
1963.jpg,neutral
1964.jpg,anger
1965.jpg,sad
1966.jpg,anger
1967.jpg,happy
1968.jpg,neutral
1969.jpg,surprise
197.jpg,neutral
1970.jpg,sad
1971.jpg,surprise
1972.jpg,contempt
1973.jpg,fear
1974.jpg,contempt
1975.jpg,anger
1976.jpg,disgust
1977.jpg,fear
1978.jpg,uncertain
1979.jpg,surprise
198.jpg,surprise
1980.jpg,surprise
1981.jpg,happy
1982.jpg,happy
1983.jpg,fear
1984.jpg,contempt
1985.jpg,sad
1986.jpg,neutral
1987.jpg,anger
1988.jpg,sad
1989.jpg,uncertain
199.jpg,surprise
1990.jpg,neutral
1991.jpg,fear
1992.jpg,neutral
1993.jpg,fear
1994.jpg,neutral
1995.jpg,contempt
1996.jpg,sad
1997.jpg,sad
1998.jpg,anger
1999.jpg,fear
2.jpg,sad
20.jpg,contempt
200.jpg,surprise
2000.jpg,uncertain
2001.jpg,disgust
2002.jpg,neutral
2003.jpg,neutral
2004.jpg,anger
2005.jpg,uncertain
2006.jpg,anger
2007.jpg,neutral
2008.jpg,happy
2009.jpg,sad
201.jpg,sad
2010.jpg,anger
2011.jpg,uncertain
2012.jpg,happy
2013.jpg,anger
2014.jpg,uncertain
2015.jpg,anger
2016.jpg,anger
2017.jpg,neutral
2018.jpg,neutral
2019.jpg,anger
202.jpg,neutral
2020.jpg,sad
2021.jpg,surprise
2022.jpg,neutral
2023.jpg,uncertain
2024.jpg,surprise
2025.jpg,contempt
2026.jpg,uncertain
2027.jpg,uncertain
2028.jpg,uncertain
2029.jpg,surprise
203.jpg,sad
2030.jpg,uncertain
2031.jpg,sad
2032.jpg,surprise
2033.jpg,sad
2034.jpg,sad
2035.jpg,anger
2036.jpg,happy
2037.jpg,surprise
2038.jpg,uncertain
2039.jpg,fear
204.jpg,sad
2040.jpg,uncertain
2041.jpg,surprise
2042.jpg,happy
2043.jpg,surprise
2044.jpg,sad
2045.jpg,happy
2046.jpg,neutral
2047.jpg,happy
2048.jpg,anger
2049.jpg,sad
205.jpg,happy
2050.jpg,surprise
2051.jpg,contempt
2052.jpg,fear
2053.jpg,anger
2054.jpg,sad
2055.jpg,neutral
2056.jpg,neutral
2057.jpg,surprise
2058.jpg,sad
2059.jpg,anger
206.jpg,contempt
2060.jpg,sad
2061.jpg,neutral
2062.jpg,fear
2063.jpg,neutral
2064.jpg,sad
2065.jpg,fear
2066.jpg,contempt
2067.jpg,contempt
2068.jpg,neutral
2069.jpg,anger
207.jpg,contempt
2070.jpg,uncertain
2071.jpg,sad
2072.jpg,sad
2073.jpg,sad
2074.jpg,happy
2075.jpg,anger
2076.jpg,surprise
2077.jpg,happy
2078.jpg,anger
2079.jpg,anger
208.jpg,surprise
2080.jpg,sad
2081.jpg,surprise
2082.jpg,anger
2083.jpg,contempt
2084.jpg,anger
2085.jpg,neutral
2086.jpg,sad
2087.jpg,fear
2088.jpg,uncertain
2089.jpg,uncertain
209.jpg,happy
2090.jpg,neutral
2091.jpg,surprise
2092.jpg,uncertain
2093.jpg,anger
2094.jpg,surprise
2095.jpg,happy
2096.jpg,neutral
2097.jpg,surprise
2098.jpg,anger
2099.jpg,uncertain
21.jpg,neutral
210.jpg,anger
2100.jpg,sad
2101.jpg,surprise
2102.jpg,surprise
2103.jpg,fear
2104.jpg,anger
2105.jpg,uncertain
2106.jpg,fear
2107.jpg,surprise
2108.jpg,neutral
2109.jpg,fear
211.jpg,contempt
2110.jpg,fear
2111.jpg,happy
2112.jpg,sad
2113.jpg,happy
2114.jpg,uncertain
2115.jpg,uncertain
2116.jpg,surprise
2117.jpg,surprise
2118.jpg,anger
2119.jpg,neutral
212.jpg,fear
2120.jpg,contempt
2121.jpg,surprise
2122.jpg,sad
2123.jpg,uncertain
2124.jpg,sad
2125.jpg,contempt
2126.jpg,neutral
2127.jpg,anger
2128.jpg,fear
2129.jpg,uncertain
213.jpg,sad
2130.jpg,surprise
2131.jpg,anger
2132.jpg,uncertain
2133.jpg,happy
2134.jpg,neutral
2135.jpg,neutral
2136.jpg,surprise
2137.jpg,uncertain
2138.jpg,uncertain
2139.jpg,neutral
214.jpg,surprise
2140.jpg,sad
2141.jpg,sad
2142.jpg,anger
2143.jpg,sad
2144.jpg,uncertain
2145.jpg,fear
2146.jpg,surprise
2147.jpg,neutral
2148.jpg,surprise
2149.jpg,anger
215.jpg,neutral
2150.jpg,uncertain
2151.jpg,neutral
2152.jpg,anger
2153.jpg,sad
2154.jpg,surprise
2155.jpg,fear
2156.jpg,anger
2157.jpg,contempt
2158.jpg,surprise
2159.jpg,neutral
216.jpg,uncertain
2160.jpg,uncertain
2161.jpg,anger
2162.jpg,happy
2163.jpg,neutral
2164.jpg,sad
2165.jpg,uncertain
2166.jpg,fear
2167.jpg,surprise
2168.jpg,fear
2169.jpg,neutral
217.jpg,uncertain
2170.jpg,sad
2171.jpg,happy
2172.jpg,anger
2173.jpg,happy
2174.jpg,fear
2175.jpg,fear
2176.jpg,sad
2177.jpg,contempt
2178.jpg,anger
2179.jpg,disgust
218.jpg,sad
2180.jpg,surprise
2181.jpg,disgust
2182.jpg,anger
2183.jpg,happy
2184.jpg,uncertain
2185.jpg,uncertain
2186.jpg,anger
2187.jpg,neutral
2188.jpg,sad
2189.jpg,uncertain
219.jpg,neutral
2190.jpg,sad
2191.jpg,sad
2192.jpg,surprise
2193.jpg,happy
2194.jpg,surprise
2195.jpg,contempt
2196.jpg,anger
2197.jpg,contempt
2198.jpg,neutral
2199.jpg,uncertain
22.jpg,anger
220.jpg,fear
2200.jpg,surprise
2201.jpg,fear
2202.jpg,uncertain
2203.jpg,fear
2204.jpg,anger
2205.jpg,uncertain
2206.jpg,neutral
2207.jpg,sad
2208.jpg,sad
2209.jpg,uncertain
221.jpg,contempt
2210.jpg,anger
2211.jpg,sad
2212.jpg,sad
2213.jpg,uncertain
2214.jpg,neutral
2215.jpg,surprise
2216.jpg,surprise
2217.jpg,surprise
2218.jpg,fear
2219.jpg,anger
222.jpg,uncertain
2220.jpg,anger
2221.jpg,neutral
2222.jpg,sad
2223.jpg,sad
2224.jpg,neutral
2225.jpg,anger
2226.jpg,anger
2227.jpg,happy
2228.jpg,fear
2229.jpg,anger
223.jpg,sad
2230.jpg,uncertain
2231.jpg,anger
2232.jpg,anger
2233.jpg,happy
2234.jpg,surprise
2235.jpg,contempt
2236.jpg,surprise
2237.jpg,uncertain
2238.jpg,disgust
2239.jpg,contempt
224.jpg,fear
2240.jpg,uncertain
2241.jpg,contempt
2242.jpg,anger
2243.jpg,happy
2244.jpg,sad
2245.jpg,neutral
2246.jpg,sad
2247.jpg,neutral
2248.jpg,happy
2249.jpg,surprise
225.jpg,sad
2250.jpg,neutral
2251.jpg,neutral
2252.jpg,contempt
2253.jpg,happy
2254.jpg,anger
2255.jpg,happy
2256.jpg,surprise
2257.jpg,happy
2258.jpg,fear
2259.jpg,surprise
226.jpg,neutral
2260.jpg,anger
2261.jpg,happy
2262.jpg,uncertain
2263.jpg,contempt
2264.jpg,happy
2265.jpg,neutral
2266.jpg,uncertain
2267.jpg,anger
2268.jpg,contempt
2269.jpg,anger
227.jpg,neutral
2270.jpg,fear
2271.jpg,happy
2272.jpg,neutral
2273.jpg,sad
2274.jpg,uncertain
2275.jpg,neutral
2276.jpg,neutral
2277.jpg,surprise
2278.jpg,contempt
2279.jpg,happy
228.jpg,anger
2280.jpg,sad
2281.jpg,uncertain
2282.jpg,disgust
2283.jpg,neutral
2284.jpg,fear
2285.jpg,contempt
2286.jpg,neutral
2287.jpg,anger
2288.jpg,anger
2289.jpg,happy
229.jpg,uncertain
2290.jpg,anger
2291.jpg,fear
2292.jpg,anger
2293.jpg,sad
2294.jpg,sad
2295.jpg,surprise
2296.jpg,surprise
2297.jpg,happy
2298.jpg,sad
2299.jpg,surprise
23.jpg,anger
230.jpg,surprise
2300.jpg,surprise
2301.jpg,happy
2302.jpg,surprise
2303.jpg,surprise
2304.jpg,surprise
2305.jpg,happy
2306.jpg,anger
2307.jpg,surprise
2308.jpg,neutral
2309.jpg,surprise
231.jpg,sad
2310.jpg,surprise
2311.jpg,sad
2312.jpg,uncertain
2313.jpg,uncertain
2314.jpg,fear
2315.jpg,fear
2316.jpg,neutral
2317.jpg,contempt
2318.jpg,anger
2319.jpg,uncertain
232.jpg,anger
2320.jpg,happy
2321.jpg,happy
2322.jpg,happy
2323.jpg,uncertain
2324.jpg,fear
2325.jpg,sad
2326.jpg,uncertain
2327.jpg,happy
2328.jpg,uncertain
2329.jpg,sad
233.jpg,uncertain
2330.jpg,uncertain
2331.jpg,uncertain
2332.jpg,contempt
2333.jpg,disgust
2334.jpg,happy
2335.jpg,sad
2336.jpg,uncertain
2337.jpg,sad
2338.jpg,neutral
2339.jpg,surprise
234.jpg,anger
2340.jpg,contempt
2341.jpg,neutral
2342.jpg,disgust
2343.jpg,surprise
2344.jpg,sad
2345.jpg,fear
2346.jpg,neutral
2347.jpg,anger
2348.jpg,uncertain
2349.jpg,surprise
235.jpg,sad
2350.jpg,contempt
2351.jpg,fear
2352.jpg,disgust
2353.jpg,anger
2354.jpg,fear
2355.jpg,sad
2356.jpg,surprise
2357.jpg,sad
2358.jpg,neutral
2359.jpg,surprise
236.jpg,anger
2360.jpg,anger
2361.jpg,surprise
2362.jpg,happy
2363.jpg,sad
2364.jpg,contempt
2365.jpg,contempt
2366.jpg,disgust
2367.jpg,surprise
2368.jpg,uncertain
2369.jpg,anger
237.jpg,anger
2370.jpg,disgust
2371.jpg,disgust
2372.jpg,uncertain
2373.jpg,neutral
2374.jpg,happy
2375.jpg,surprise
2376.jpg,anger
2377.jpg,neutral
2378.jpg,contempt
2379.jpg,anger
238.jpg,contempt
2380.jpg,uncertain
2381.jpg,uncertain
2382.jpg,surprise
2383.jpg,anger
2384.jpg,neutral
2385.jpg,surprise
2386.jpg,anger
2387.jpg,neutral
2388.jpg,neutral
2389.jpg,happy
239.jpg,anger
2390.jpg,neutral
2391.jpg,neutral
2392.jpg,contempt
2393.jpg,sad
2394.jpg,fear
2395.jpg,sad
2396.jpg,anger
2397.jpg,uncertain
2398.jpg,happy
2399.jpg,anger
24.jpg,uncertain
240.jpg,neutral
2400.jpg,contempt
2401.jpg,anger
2402.jpg,happy
2403.jpg,fear
2404.jpg,anger
2405.jpg,sad
2406.jpg,fear
2407.jpg,fear
2408.jpg,sad
2409.jpg,uncertain
241.jpg,anger
2410.jpg,uncertain
2411.jpg,happy
2412.jpg,surprise
2413.jpg,contempt
2414.jpg,sad
2415.jpg,surprise
2416.jpg,happy
2417.jpg,neutral
2418.jpg,anger
2419.jpg,neutral
242.jpg,anger
2420.jpg,fear
2421.jpg,neutral
2422.jpg,sad
2423.jpg,surprise
2424.jpg,sad
2425.jpg,fear
2426.jpg,happy
2427.jpg,disgust
2428.jpg,surprise
2429.jpg,uncertain
243.jpg,surprise
2430.jpg,neutral
2431.jpg,contempt
2432.jpg,sad
2433.jpg,contempt
2434.jpg,neutral
2435.jpg,uncertain
2436.jpg,contempt
2437.jpg,happy
2438.jpg,uncertain
2439.jpg,sad
244.jpg,disgust
2440.jpg,happy
2441.jpg,surprise
2442.jpg,neutral
2443.jpg,sad
2444.jpg,fear
2445.jpg,surprise
2446.jpg,contempt
2447.jpg,anger
2448.jpg,anger
2449.jpg,uncertain
245.jpg,uncertain
2450.jpg,fear
2451.jpg,surprise
2452.jpg,anger
2453.jpg,disgust
2454.jpg,anger
2455.jpg,anger
2456.jpg,fear
2457.jpg,anger
2458.jpg,uncertain
2459.jpg,contempt
246.jpg,happy
2460.jpg,uncertain
2461.jpg,happy
2462.jpg,surprise
2463.jpg,neutral
2464.jpg,anger
2465.jpg,neutral
2466.jpg,happy
2467.jpg,sad
2468.jpg,uncertain
2469.jpg,sad
247.jpg,surprise
2470.jpg,surprise
2471.jpg,contempt
2472.jpg,surprise
2473.jpg,sad
2474.jpg,sad
2475.jpg,sad
2476.jpg,uncertain
2477.jpg,anger
2478.jpg,neutral
2479.jpg,surprise
248.jpg,surprise
2480.jpg,sad
2481.jpg,uncertain
2482.jpg,sad
2483.jpg,happy
2484.jpg,anger
2485.jpg,fear
2486.jpg,uncertain
2487.jpg,sad
2488.jpg,happy
2489.jpg,neutral
249.jpg,contempt
2490.jpg,disgust
2491.jpg,anger
2492.jpg,neutral
2493.jpg,sad
2494.jpg,uncertain
2495.jpg,happy
2496.jpg,sad
2497.jpg,anger
2498.jpg,surprise
2499.jpg,uncertain
25.jpg,neutral
250.jpg,sad
2500.jpg,fear
2501.jpg,happy
2502.jpg,neutral
2503.jpg,uncertain
2504.jpg,neutral
2505.jpg,anger
2506.jpg,happy
2507.jpg,anger
2508.jpg,sad
2509.jpg,neutral
251.jpg,uncertain
2510.jpg,happy
2511.jpg,neutral
2512.jpg,fear
2513.jpg,sad
2514.jpg,contempt
2515.jpg,surprise
2516.jpg,fear
2517.jpg,neutral
2518.jpg,fear
2519.jpg,fear
252.jpg,neutral
2520.jpg,happy
2521.jpg,anger
2522.jpg,fear
2523.jpg,happy
2524.jpg,sad
2525.jpg,surprise
2526.jpg,surprise
2527.jpg,uncertain
2528.jpg,uncertain
2529.jpg,anger
253.jpg,fear
2530.jpg,uncertain
2531.jpg,anger
2532.jpg,uncertain
2533.jpg,neutral
2534.jpg,fear
2535.jpg,fear
2536.jpg,anger
2537.jpg,surprise
2538.jpg,uncertain
2539.jpg,surprise
254.jpg,happy
2540.jpg,fear
2541.jpg,happy
2542.jpg,anger
2543.jpg,happy
2544.jpg,disgust
2545.jpg,contempt
2546.jpg,contempt
2547.jpg,contempt
2548.jpg,anger
2549.jpg,neutral
255.jpg,happy
2550.jpg,fear
2551.jpg,neutral
2552.jpg,neutral
2553.jpg,uncertain
2554.jpg,happy
2555.jpg,anger
2556.jpg,neutral
2557.jpg,neutral
2558.jpg,uncertain
2559.jpg,happy
256.jpg,sad
2560.jpg,surprise
2561.jpg,surprise
2562.jpg,surprise
2563.jpg,uncertain
2564.jpg,happy
2565.jpg,neutral
2566.jpg,anger
2567.jpg,surprise
2568.jpg,neutral
2569.jpg,anger
257.jpg,happy
2570.jpg,surprise
2571.jpg,uncertain
2572.jpg,neutral
2573.jpg,fear
2574.jpg,neutral
2575.jpg,fear
2576.jpg,neutral
2577.jpg,neutral
2578.jpg,fear
2579.jpg,uncertain
258.jpg,sad
2580.jpg,fear
2581.jpg,neutral
2582.jpg,surprise
2583.jpg,sad
2584.jpg,neutral
2585.jpg,happy
2586.jpg,happy
2587.jpg,anger
2588.jpg,anger
2589.jpg,fear
259.jpg,anger
2590.jpg,fear
2591.jpg,anger
2592.jpg,surprise
2593.jpg,surprise
2594.jpg,anger
2595.jpg,uncertain
2596.jpg,surprise
2597.jpg,neutral
2598.jpg,fear
2599.jpg,fear
26.jpg,surprise
260.jpg,fear
2600.jpg,uncertain
2601.jpg,happy
2602.jpg,surprise
2603.jpg,surprise
2604.jpg,neutral
2605.jpg,neutral
2606.jpg,neutral
2607.jpg,sad
2608.jpg,uncertain
2609.jpg,fear
261.jpg,contempt
2610.jpg,anger
2611.jpg,contempt
2612.jpg,sad
2613.jpg,neutral
2614.jpg,anger
2615.jpg,fear
2616.jpg,happy
2617.jpg,happy
2618.jpg,uncertain
2619.jpg,surprise
262.jpg,uncertain
2620.jpg,happy
2621.jpg,contempt
2622.jpg,contempt
2623.jpg,sad
2624.jpg,disgust
2625.jpg,uncertain
2626.jpg,uncertain
2627.jpg,sad
2628.jpg,neutral
2629.jpg,fear
263.jpg,surprise
2630.jpg,surprise
2631.jpg,uncertain
2632.jpg,fear
2633.jpg,fear
2634.jpg,neutral
2635.jpg,neutral
2636.jpg,sad
2637.jpg,contempt
2638.jpg,surprise
2639.jpg,uncertain
264.jpg,sad
2640.jpg,neutral
2641.jpg,anger
2642.jpg,sad
2643.jpg,contempt
2644.jpg,happy
2645.jpg,neutral
2646.jpg,neutral
2647.jpg,fear
2648.jpg,uncertain
2649.jpg,contempt
265.jpg,sad
2650.jpg,surprise
2651.jpg,anger
2652.jpg,happy
2653.jpg,surprise
2654.jpg,happy
2655.jpg,happy
2656.jpg,neutral
2657.jpg,surprise
2658.jpg,uncertain
2659.jpg,sad
266.jpg,contempt
2660.jpg,uncertain
2661.jpg,sad
2662.jpg,contempt
2663.jpg,anger
2664.jpg,neutral
2665.jpg,sad
2666.jpg,surprise
2667.jpg,contempt
2668.jpg,anger
2669.jpg,anger
267.jpg,neutral
2670.jpg,surprise
2671.jpg,happy
2672.jpg,neutral
2673.jpg,surprise
2674.jpg,anger
2675.jpg,anger
2676.jpg,uncertain
2677.jpg,sad
2678.jpg,happy
2679.jpg,contempt
268.jpg,surprise
2680.jpg,uncertain
2681.jpg,uncertain
2682.jpg,sad
2683.jpg,sad
2684.jpg,anger
2685.jpg,neutral
2686.jpg,fear
2687.jpg,sad
2688.jpg,sad
2689.jpg,contempt
269.jpg,neutral
2690.jpg,uncertain
2691.jpg,sad
2692.jpg,fear
2693.jpg,uncertain
2694.jpg,uncertain
2695.jpg,uncertain
2696.jpg,neutral
2697.jpg,neutral
2698.jpg,contempt
2699.jpg,anger
27.jpg,neutral
270.jpg,anger
2700.jpg,neutral
2701.jpg,anger
2702.jpg,sad
2703.jpg,happy
2704.jpg,neutral
2705.jpg,fear
2706.jpg,surprise
2707.jpg,uncertain
2708.jpg,anger
2709.jpg,sad
271.jpg,surprise
2710.jpg,uncertain
2711.jpg,anger
2712.jpg,anger
2713.jpg,neutral
2714.jpg,neutral
2715.jpg,surprise
2716.jpg,fear
2717.jpg,neutral
2718.jpg,sad
2719.jpg,fear
272.jpg,uncertain
2720.jpg,surprise
2721.jpg,anger
2722.jpg,sad
2723.jpg,happy
2724.jpg,neutral
2725.jpg,happy
2726.jpg,anger
2727.jpg,surprise
2728.jpg,fear
2729.jpg,sad
273.jpg,anger
2730.jpg,anger
2731.jpg,anger
2732.jpg,neutral
2733.jpg,surprise
2734.jpg,fear
2735.jpg,surprise
2736.jpg,fear
2737.jpg,fear
2738.jpg,surprise
2739.jpg,anger
274.jpg,happy
2740.jpg,neutral
2741.jpg,sad
2742.jpg,uncertain
2743.jpg,surprise
2744.jpg,uncertain
2745.jpg,neutral
2746.jpg,contempt
2747.jpg,neutral
2748.jpg,anger
2749.jpg,neutral
275.jpg,fear
2750.jpg,sad
2751.jpg,anger
2752.jpg,fear
2753.jpg,uncertain
2754.jpg,contempt
2755.jpg,surprise
2756.jpg,fear
2757.jpg,anger
2758.jpg,happy
2759.jpg,anger
276.jpg,fear
2760.jpg,surprise
2761.jpg,neutral
2762.jpg,neutral
2763.jpg,surprise
2764.jpg,neutral
2765.jpg,fear
2766.jpg,sad
2767.jpg,surprise
2768.jpg,contempt
2769.jpg,neutral
277.jpg,neutral
2770.jpg,neutral
2771.jpg,sad
2772.jpg,fear
2773.jpg,surprise
2774.jpg,happy
2775.jpg,happy
2776.jpg,neutral
2777.jpg,surprise
2778.jpg,fear
2779.jpg,happy
278.jpg,sad
2780.jpg,surprise
2781.jpg,neutral
2782.jpg,fear
2783.jpg,fear
2784.jpg,uncertain
2785.jpg,fear
2786.jpg,happy
2787.jpg,sad
2788.jpg,fear
2789.jpg,neutral
279.jpg,sad
2790.jpg,fear
2791.jpg,surprise
2792.jpg,uncertain
2793.jpg,anger
2794.jpg,surprise
2795.jpg,uncertain
2796.jpg,anger
2797.jpg,anger
2798.jpg,uncertain
2799.jpg,uncertain
28.jpg,anger
280.jpg,surprise
2800.jpg,happy
2801.jpg,sad
2802.jpg,fear
2803.jpg,uncertain
2804.jpg,surprise
2805.jpg,anger
2806.jpg,anger
2807.jpg,disgust
2808.jpg,fear
2809.jpg,contempt
281.jpg,uncertain
2810.jpg,uncertain
2811.jpg,sad
2812.jpg,uncertain
2813.jpg,uncertain
2814.jpg,fear
2815.jpg,contempt
2816.jpg,uncertain
2817.jpg,contempt
2818.jpg,fear
2819.jpg,surprise
282.jpg,surprise
2820.jpg,happy
2821.jpg,sad
2822.jpg,surprise
2823.jpg,anger
2824.jpg,disgust
2825.jpg,sad
2826.jpg,fear
2827.jpg,fear
2828.jpg,uncertain
2829.jpg,anger
283.jpg,fear
2830.jpg,fear
2831.jpg,uncertain
2832.jpg,disgust
2833.jpg,surprise
2834.jpg,neutral
2835.jpg,fear
2836.jpg,sad
2837.jpg,anger
2838.jpg,anger
2839.jpg,fear
284.jpg,fear
2840.jpg,neutral
2841.jpg,surprise
2842.jpg,contempt
2843.jpg,fear
2844.jpg,surprise
2845.jpg,uncertain
2846.jpg,neutral
2847.jpg,uncertain
2848.jpg,anger
2849.jpg,surprise
285.jpg,anger
2850.jpg,uncertain
2851.jpg,contempt
2852.jpg,disgust
2853.jpg,anger
2854.jpg,neutral
2855.jpg,contempt
2856.jpg,neutral
2857.jpg,fear
2858.jpg,contempt
2859.jpg,anger
286.jpg,uncertain
2860.jpg,fear
2861.jpg,fear
2862.jpg,uncertain
2863.jpg,neutral
2864.jpg,sad
2865.jpg,sad
2866.jpg,surprise
2867.jpg,uncertain
2868.jpg,sad
2869.jpg,sad
287.jpg,sad
2870.jpg,surprise
2871.jpg,sad
2872.jpg,uncertain
2873.jpg,fear
2874.jpg,surprise
2875.jpg,fear
2876.jpg,surprise
2877.jpg,uncertain
2878.jpg,anger
2879.jpg,fear
288.jpg,happy
2880.jpg,sad
2881.jpg,surprise
2882.jpg,neutral
2883.jpg,happy
2884.jpg,neutral
2885.jpg,uncertain
2886.jpg,anger
2887.jpg,happy
2888.jpg,happy
2889.jpg,neutral
289.jpg,fear
2890.jpg,surprise
2891.jpg,uncertain
2892.jpg,uncertain
2893.jpg,uncertain
2894.jpg,sad
2895.jpg,fear
2896.jpg,surprise
2897.jpg,contempt
2898.jpg,sad
2899.jpg,fear
29.jpg,anger
290.jpg,fear
2900.jpg,fear
2901.jpg,anger
2902.jpg,uncertain
2903.jpg,uncertain
2904.jpg,anger
2905.jpg,neutral
2906.jpg,contempt
2907.jpg,uncertain
2908.jpg,neutral
2909.jpg,neutral
291.jpg,uncertain
2910.jpg,disgust
2911.jpg,anger
2912.jpg,sad
2913.jpg,contempt
2914.jpg,contempt
2915.jpg,sad
2916.jpg,fear
2917.jpg,anger
2918.jpg,uncertain
2919.jpg,sad
292.jpg,uncertain
2920.jpg,neutral
2921.jpg,anger
2922.jpg,sad
2923.jpg,contempt
2924.jpg,sad
2925.jpg,happy
2926.jpg,uncertain
2927.jpg,neutral
2928.jpg,uncertain
2929.jpg,anger
293.jpg,happy
2930.jpg,anger
2931.jpg,uncertain
2932.jpg,sad
2933.jpg,contempt
2934.jpg,anger
2935.jpg,neutral
2936.jpg,anger
2937.jpg,sad
2938.jpg,uncertain
2939.jpg,neutral
294.jpg,sad
2940.jpg,happy
2941.jpg,neutral
2942.jpg,fear
2943.jpg,sad
2944.jpg,sad
2945.jpg,happy
2946.jpg,anger
2947.jpg,anger
2948.jpg,uncertain
2949.jpg,fear
295.jpg,anger
2950.jpg,contempt
2951.jpg,happy
2952.jpg,sad
2953.jpg,happy
2954.jpg,sad
2955.jpg,anger
2956.jpg,fear
2957.jpg,sad
2958.jpg,contempt
2959.jpg,neutral
296.jpg,happy
2960.jpg,anger
2961.jpg,uncertain
2962.jpg,sad
2963.jpg,fear
2964.jpg,fear
2965.jpg,uncertain
2966.jpg,happy
2967.jpg,fear
2968.jpg,fear
2969.jpg,anger
297.jpg,neutral
2970.jpg,uncertain
2971.jpg,happy
2972.jpg,uncertain
2973.jpg,anger
2974.jpg,uncertain
2975.jpg,uncertain
2976.jpg,anger
2977.jpg,sad
2978.jpg,sad
2979.jpg,fear
298.jpg,fear
2980.jpg,surprise
2981.jpg,sad
2982.jpg,anger
2983.jpg,sad
2984.jpg,surprise
2985.jpg,uncertain
2986.jpg,anger
2987.jpg,neutral
2988.jpg,contempt
2989.jpg,anger
299.jpg,disgust
2990.jpg,disgust
2991.jpg,fear
2992.jpg,contempt
2993.jpg,disgust
2994.jpg,anger
2995.jpg,happy
2996.jpg,anger
2997.jpg,sad
2998.jpg,fear
2999.jpg,neutral
3.jpg,anger
30.jpg,uncertain
300.jpg,fear
3000.jpg,contempt
3001.jpg,neutral
3002.jpg,sad
3003.jpg,surprise
3004.jpg,neutral
3005.jpg,neutral
3006.jpg,fear
3007.jpg,surprise
3008.jpg,anger
3009.jpg,anger
301.jpg,anger
3010.jpg,fear
3011.jpg,anger
3012.jpg,fear
3013.jpg,surprise
3014.jpg,fear
3015.jpg,contempt
3016.jpg,anger
3017.jpg,sad
3018.jpg,sad
3019.jpg,happy
302.jpg,uncertain
3020.jpg,anger
3021.jpg,sad
3022.jpg,surprise
3023.jpg,fear
3024.jpg,contempt
3025.jpg,fear
3026.jpg,neutral
3027.jpg,surprise
3028.jpg,sad
3029.jpg,surprise
303.jpg,fear
3030.jpg,neutral
3031.jpg,neutral
3032.jpg,sad
3033.jpg,happy
3034.jpg,surprise
3035.jpg,happy
3036.jpg,sad
3037.jpg,uncertain
3038.jpg,uncertain
3039.jpg,neutral
304.jpg,neutral
3040.jpg,uncertain
3041.jpg,contempt
3042.jpg,disgust
3043.jpg,happy
3044.jpg,uncertain
3045.jpg,contempt
3046.jpg,uncertain
3047.jpg,surprise
3048.jpg,neutral
3049.jpg,neutral
305.jpg,surprise
3050.jpg,surprise
3051.jpg,anger
3052.jpg,anger
3053.jpg,neutral
3054.jpg,surprise
3055.jpg,sad
3056.jpg,anger
3057.jpg,happy
3058.jpg,contempt
3059.jpg,anger
306.jpg,contempt
3060.jpg,surprise
3061.jpg,sad
3062.jpg,sad
3063.jpg,anger
3064.jpg,sad
3065.jpg,surprise
3066.jpg,fear
3067.jpg,surprise
3068.jpg,happy
3069.jpg,surprise
307.jpg,anger
3070.jpg,surprise
3071.jpg,happy
3072.jpg,happy
3073.jpg,happy
3074.jpg,anger
3075.jpg,happy
3076.jpg,disgust
3077.jpg,happy
3078.jpg,uncertain
3079.jpg,anger
308.jpg,neutral
3080.jpg,surprise
3081.jpg,fear
3082.jpg,surprise
3083.jpg,fear
3084.jpg,sad
3085.jpg,sad
3086.jpg,disgust
3087.jpg,contempt
3088.jpg,surprise
3089.jpg,surprise
309.jpg,happy
3090.jpg,fear
3091.jpg,happy
3092.jpg,surprise
3093.jpg,anger
3094.jpg,happy
3095.jpg,neutral
3096.jpg,happy
3097.jpg,uncertain
3098.jpg,surprise
3099.jpg,contempt
31.jpg,surprise
310.jpg,sad
3100.jpg,anger
3101.jpg,uncertain
3102.jpg,neutral
3103.jpg,uncertain
3104.jpg,uncertain
3105.jpg,happy
3106.jpg,anger
3107.jpg,surprise
3108.jpg,uncertain
3109.jpg,neutral
311.jpg,neutral
3110.jpg,surprise
3111.jpg,contempt
3112.jpg,anger
3113.jpg,anger
3114.jpg,contempt
3115.jpg,surprise
3116.jpg,anger
3117.jpg,happy
3118.jpg,anger
3119.jpg,surprise
312.jpg,uncertain
3120.jpg,surprise
3121.jpg,contempt
3122.jpg,fear
3123.jpg,contempt
3124.jpg,fear
3125.jpg,neutral
3126.jpg,happy
3127.jpg,surprise
3128.jpg,contempt
3129.jpg,surprise
313.jpg,surprise
3130.jpg,surprise
3131.jpg,surprise
3132.jpg,happy
3133.jpg,uncertain
3134.jpg,uncertain
3135.jpg,surprise
3136.jpg,happy
3137.jpg,anger
3138.jpg,surprise
3139.jpg,neutral
314.jpg,fear
3140.jpg,anger
3141.jpg,anger
3142.jpg,surprise
3143.jpg,anger
3144.jpg,sad
3145.jpg,surprise
3146.jpg,neutral
3147.jpg,sad
3148.jpg,surprise
3149.jpg,uncertain
315.jpg,contempt
3150.jpg,fear
3151.jpg,anger
3152.jpg,uncertain
3153.jpg,neutral
3154.jpg,anger
3155.jpg,sad
3156.jpg,fear
3157.jpg,fear
3158.jpg,sad
3159.jpg,neutral
316.jpg,fear
3160.jpg,surprise
3161.jpg,happy
3162.jpg,neutral
3163.jpg,sad
3164.jpg,anger
3165.jpg,happy
3166.jpg,fear
3167.jpg,contempt
3168.jpg,anger
3169.jpg,anger
317.jpg,surprise
3170.jpg,uncertain
3171.jpg,neutral
3172.jpg,sad
3173.jpg,anger
3174.jpg,disgust
3175.jpg,uncertain
3176.jpg,happy
3177.jpg,anger
3178.jpg,fear
3179.jpg,contempt
318.jpg,fear
3180.jpg,sad
3181.jpg,fear
3182.jpg,anger
3183.jpg,uncertain
3184.jpg,anger
3185.jpg,anger
3186.jpg,surprise
3187.jpg,disgust
3188.jpg,happy
3189.jpg,anger
319.jpg,sad
3190.jpg,happy
3191.jpg,anger
3192.jpg,happy
3193.jpg,happy
3194.jpg,sad
3195.jpg,contempt
3196.jpg,surprise
3197.jpg,sad
3198.jpg,sad
3199.jpg,sad
32.jpg,neutral
320.jpg,surprise
3200.jpg,surprise
3201.jpg,surprise
3202.jpg,sad
3203.jpg,neutral
3204.jpg,neutral
3205.jpg,neutral
3206.jpg,fear
3207.jpg,neutral
3208.jpg,happy
3209.jpg,anger
321.jpg,fear
3210.jpg,anger
3211.jpg,neutral
3212.jpg,sad
3213.jpg,sad
3214.jpg,surprise
3215.jpg,sad
3216.jpg,sad
3217.jpg,anger
3218.jpg,sad
3219.jpg,contempt
322.jpg,happy
3220.jpg,sad
3221.jpg,anger
3222.jpg,fear
3223.jpg,surprise
3224.jpg,happy
3225.jpg,neutral
3226.jpg,surprise
3227.jpg,sad
3228.jpg,anger
3229.jpg,sad
323.jpg,sad
3230.jpg,happy
3231.jpg,uncertain
3232.jpg,surprise
3233.jpg,sad
3234.jpg,happy
3235.jpg,sad
3236.jpg,anger
3237.jpg,anger
3238.jpg,surprise
3239.jpg,surprise
324.jpg,fear
3240.jpg,anger
3241.jpg,anger
3242.jpg,contempt
3243.jpg,neutral
3244.jpg,neutral
3245.jpg,neutral
3246.jpg,happy
3247.jpg,sad
3248.jpg,anger
3249.jpg,contempt
325.jpg,contempt
3250.jpg,sad
3251.jpg,happy
3252.jpg,sad
3253.jpg,sad
3254.jpg,neutral
3255.jpg,neutral
3256.jpg,contempt
3257.jpg,fear
3258.jpg,uncertain
3259.jpg,happy
326.jpg,contempt
3260.jpg,neutral
3261.jpg,uncertain
3262.jpg,surprise
3263.jpg,happy
3264.jpg,contempt
3265.jpg,surprise
3266.jpg,neutral
3267.jpg,uncertain
3268.jpg,surprise
3269.jpg,surprise
327.jpg,anger
3270.jpg,contempt
3271.jpg,fear
3272.jpg,anger
3273.jpg,fear
3274.jpg,neutral
3275.jpg,uncertain
3276.jpg,fear
3277.jpg,surprise
3278.jpg,fear
3279.jpg,contempt
328.jpg,surprise
3280.jpg,fear
3281.jpg,anger
3282.jpg,happy
3283.jpg,surprise
3284.jpg,uncertain
3285.jpg,sad
3286.jpg,surprise
3287.jpg,fear
3288.jpg,anger
3289.jpg,uncertain
329.jpg,surprise
3290.jpg,surprise
3291.jpg,surprise
3292.jpg,surprise
3293.jpg,happy
3294.jpg,sad
3295.jpg,anger
3296.jpg,sad
3297.jpg,surprise
3298.jpg,surprise
3299.jpg,anger
33.jpg,surprise
330.jpg,uncertain
3300.jpg,anger
3301.jpg,uncertain
3302.jpg,happy
3303.jpg,anger
3304.jpg,neutral
3305.jpg,uncertain
3306.jpg,neutral
3307.jpg,uncertain
3308.jpg,surprise
3309.jpg,sad
331.jpg,anger
3310.jpg,uncertain
3311.jpg,happy
3312.jpg,uncertain
3313.jpg,uncertain
3314.jpg,happy
3315.jpg,surprise
3316.jpg,sad
3317.jpg,anger
3318.jpg,surprise
3319.jpg,sad
332.jpg,surprise
3320.jpg,sad
3321.jpg,fear
3322.jpg,surprise
3323.jpg,happy
3324.jpg,anger
3325.jpg,uncertain
3326.jpg,surprise
3327.jpg,happy
3328.jpg,surprise
3329.jpg,surprise
333.jpg,disgust
3330.jpg,surprise
3331.jpg,surprise
3332.jpg,sad
3333.jpg,surprise
3334.jpg,uncertain
3335.jpg,neutral
3336.jpg,anger
3337.jpg,anger
3338.jpg,neutral
3339.jpg,surprise
334.jpg,anger
3340.jpg,uncertain
3341.jpg,surprise
3342.jpg,neutral
3343.jpg,surprise
3344.jpg,surprise
3345.jpg,happy
3346.jpg,uncertain
3347.jpg,happy
3348.jpg,sad
3349.jpg,surprise
335.jpg,anger
3350.jpg,neutral
3351.jpg,anger
3352.jpg,surprise
3353.jpg,surprise
3354.jpg,neutral
3355.jpg,contempt
3356.jpg,neutral
3357.jpg,contempt
3358.jpg,happy
3359.jpg,anger
336.jpg,neutral
3360.jpg,sad
3361.jpg,neutral
3362.jpg,fear
3363.jpg,surprise
3364.jpg,neutral
3365.jpg,sad
3366.jpg,happy
3367.jpg,fear
3368.jpg,uncertain
3369.jpg,surprise
337.jpg,anger
3370.jpg,surprise
3371.jpg,uncertain
3372.jpg,surprise
3373.jpg,neutral
3374.jpg,contempt
3375.jpg,surprise
3376.jpg,sad
3377.jpg,uncertain
3378.jpg,neutral
3379.jpg,surprise
338.jpg,anger
3380.jpg,anger
3381.jpg,surprise
3382.jpg,happy
3383.jpg,anger
3384.jpg,surprise
3385.jpg,disgust
3386.jpg,contempt
3387.jpg,neutral
3388.jpg,surprise
3389.jpg,uncertain
339.jpg,uncertain
3390.jpg,fear
3391.jpg,happy
3392.jpg,sad
3393.jpg,neutral
3394.jpg,anger
3395.jpg,neutral
3396.jpg,neutral
3397.jpg,disgust
3398.jpg,neutral
3399.jpg,anger
34.jpg,anger
340.jpg,surprise
3400.jpg,uncertain
3401.jpg,sad
3402.jpg,anger
3403.jpg,sad
3404.jpg,happy
3405.jpg,happy
3406.jpg,anger
3407.jpg,disgust
3408.jpg,neutral
3409.jpg,sad
341.jpg,happy
3410.jpg,disgust
3411.jpg,contempt
3412.jpg,happy
3413.jpg,sad
3414.jpg,sad
3415.jpg,happy
3416.jpg,surprise
3417.jpg,sad
3418.jpg,anger
3419.jpg,anger
342.jpg,anger
3420.jpg,surprise
3421.jpg,neutral
3422.jpg,disgust
3423.jpg,anger
3424.jpg,surprise
3425.jpg,uncertain
3426.jpg,happy
3427.jpg,happy
3428.jpg,anger
3429.jpg,fear
343.jpg,contempt
3430.jpg,anger
3431.jpg,neutral
3432.jpg,sad
3433.jpg,anger
3434.jpg,sad
3435.jpg,surprise
3436.jpg,fear
3437.jpg,neutral
3438.jpg,neutral
3439.jpg,happy
344.jpg,sad
3440.jpg,sad
3441.jpg,contempt
3442.jpg,surprise
3443.jpg,uncertain
3444.jpg,sad
3445.jpg,anger
3446.jpg,contempt
3447.jpg,neutral
3448.jpg,surprise
3449.jpg,surprise
345.jpg,disgust
3450.jpg,surprise
3451.jpg,fear
3452.jpg,disgust
3453.jpg,surprise
3454.jpg,anger
3455.jpg,fear
3456.jpg,happy
3457.jpg,neutral
3458.jpg,sad
3459.jpg,sad
346.jpg,uncertain
3460.jpg,happy
3461.jpg,neutral
3462.jpg,uncertain
3463.jpg,contempt
3464.jpg,anger
3465.jpg,contempt
3466.jpg,anger
3467.jpg,sad
3468.jpg,neutral
3469.jpg,anger
347.jpg,uncertain
3470.jpg,surprise
3471.jpg,fear
3472.jpg,uncertain
3473.jpg,surprise
3474.jpg,sad
3475.jpg,surprise
3476.jpg,neutral
3477.jpg,surprise
3478.jpg,anger
3479.jpg,sad
348.jpg,happy
3480.jpg,fear
3481.jpg,neutral
3482.jpg,fear
3483.jpg,neutral
3484.jpg,neutral
3485.jpg,happy
3486.jpg,happy
3487.jpg,uncertain
3488.jpg,anger
3489.jpg,uncertain
349.jpg,happy
3490.jpg,fear
3491.jpg,surprise
3492.jpg,surprise
3493.jpg,neutral
3494.jpg,uncertain
3495.jpg,contempt
3496.jpg,uncertain
3497.jpg,surprise
3498.jpg,fear
3499.jpg,surprise
35.jpg,sad
350.jpg,neutral
3500.jpg,surprise
3501.jpg,happy
3502.jpg,contempt
3503.jpg,uncertain
3504.jpg,happy
3505.jpg,anger
3506.jpg,contempt
3507.jpg,neutral
3508.jpg,neutral
3509.jpg,neutral
351.jpg,surprise
3510.jpg,contempt
3511.jpg,sad
3512.jpg,sad
3513.jpg,sad
3514.jpg,anger
3515.jpg,anger
3516.jpg,neutral
3517.jpg,surprise
3518.jpg,disgust
3519.jpg,sad
352.jpg,neutral
3520.jpg,anger
3521.jpg,anger
3522.jpg,contempt
3523.jpg,sad
3524.jpg,surprise
3525.jpg,surprise
3526.jpg,surprise
3527.jpg,fear
3528.jpg,sad
3529.jpg,uncertain
353.jpg,anger
3530.jpg,anger
3531.jpg,fear
3532.jpg,neutral
3533.jpg,neutral
3534.jpg,fear
3535.jpg,anger
3536.jpg,sad
3537.jpg,uncertain
3538.jpg,uncertain
3539.jpg,neutral
354.jpg,uncertain
3540.jpg,surprise
3541.jpg,surprise
3542.jpg,fear
3543.jpg,disgust
3544.jpg,surprise
3545.jpg,happy
3546.jpg,anger
3547.jpg,surprise
3548.jpg,sad
3549.jpg,happy
355.jpg,neutral
3550.jpg,neutral
3551.jpg,uncertain
3552.jpg,neutral
3553.jpg,anger
3554.jpg,neutral
3555.jpg,neutral
3556.jpg,fear
3557.jpg,surprise
3558.jpg,anger
3559.jpg,neutral
356.jpg,neutral
3560.jpg,sad
3561.jpg,sad
3562.jpg,fear
3563.jpg,fear
3564.jpg,uncertain
3565.jpg,uncertain
3566.jpg,uncertain
3567.jpg,fear
3568.jpg,neutral
3569.jpg,sad
357.jpg,sad
3570.jpg,uncertain
3571.jpg,sad
3572.jpg,fear
3573.jpg,happy
3574.jpg,contempt
3575.jpg,contempt
3576.jpg,neutral
3577.jpg,surprise
3578.jpg,neutral
3579.jpg,contempt
358.jpg,fear
3580.jpg,contempt
3581.jpg,sad
3582.jpg,neutral
3583.jpg,fear
3584.jpg,anger
3585.jpg,uncertain
3586.jpg,contempt
3587.jpg,surprise
3588.jpg,anger
3589.jpg,neutral
359.jpg,happy
3590.jpg,contempt
3591.jpg,uncertain
3592.jpg,uncertain
3593.jpg,happy
3594.jpg,happy
3595.jpg,happy
3596.jpg,anger
3597.jpg,sad
3598.jpg,uncertain
3599.jpg,surprise
36.jpg,uncertain
360.jpg,anger
3600.jpg,surprise
3601.jpg,contempt
3602.jpg,neutral
3603.jpg,surprise
3604.jpg,sad
3605.jpg,neutral
3606.jpg,fear
3607.jpg,uncertain
3608.jpg,happy
3609.jpg,surprise
361.jpg,anger
3610.jpg,contempt
3611.jpg,neutral
3612.jpg,sad
3613.jpg,fear
3614.jpg,fear
3615.jpg,anger
3616.jpg,surprise
3617.jpg,neutral
3618.jpg,surprise
3619.jpg,neutral
362.jpg,sad
3620.jpg,uncertain
3621.jpg,anger
3622.jpg,sad
3623.jpg,happy
3624.jpg,uncertain
3625.jpg,happy
3626.jpg,fear
3627.jpg,happy
3628.jpg,neutral
3629.jpg,fear
363.jpg,happy
3630.jpg,anger
3631.jpg,surprise
3632.jpg,anger
3633.jpg,neutral
3634.jpg,sad
3635.jpg,fear
3636.jpg,anger
3637.jpg,fear
3638.jpg,sad
3639.jpg,anger
364.jpg,anger
3640.jpg,anger
3641.jpg,contempt
3642.jpg,uncertain
3643.jpg,anger
3644.jpg,anger
3645.jpg,happy
3646.jpg,happy
3647.jpg,surprise
3648.jpg,happy
3649.jpg,happy
365.jpg,sad
3650.jpg,happy
3651.jpg,happy
3652.jpg,uncertain
3653.jpg,fear
3654.jpg,surprise
3655.jpg,fear
3656.jpg,neutral
3657.jpg,neutral
3658.jpg,sad
3659.jpg,anger
366.jpg,neutral
3660.jpg,surprise
3661.jpg,contempt
3662.jpg,anger
3663.jpg,fear
3664.jpg,neutral
3665.jpg,anger
3666.jpg,fear
3667.jpg,anger
3668.jpg,anger
3669.jpg,sad
367.jpg,uncertain
3670.jpg,surprise
3671.jpg,uncertain
3672.jpg,neutral
3673.jpg,neutral
3674.jpg,fear
3675.jpg,neutral
3676.jpg,neutral
3677.jpg,sad
3678.jpg,surprise
3679.jpg,anger
368.jpg,anger
3680.jpg,uncertain
3681.jpg,anger
3682.jpg,anger
3683.jpg,neutral
3684.jpg,anger
3685.jpg,sad
3686.jpg,anger
3687.jpg,anger
3688.jpg,happy
3689.jpg,surprise
369.jpg,uncertain
3690.jpg,sad
3691.jpg,uncertain
3692.jpg,sad
3693.jpg,surprise
3694.jpg,surprise
3695.jpg,sad
3696.jpg,sad
3697.jpg,uncertain
3698.jpg,anger
3699.jpg,neutral
37.jpg,uncertain
370.jpg,uncertain
3700.jpg,neutral
3701.jpg,happy
3702.jpg,uncertain
3703.jpg,contempt
3704.jpg,neutral
3705.jpg,fear
3706.jpg,contempt
3707.jpg,neutral
3708.jpg,fear
3709.jpg,sad
371.jpg,sad
3710.jpg,surprise
3711.jpg,anger
3712.jpg,uncertain
3713.jpg,sad
3714.jpg,sad
3715.jpg,neutral
3716.jpg,uncertain
3717.jpg,neutral
3718.jpg,fear
3719.jpg,fear
372.jpg,disgust
3720.jpg,anger
3721.jpg,anger
3722.jpg,uncertain
3723.jpg,surprise
3724.jpg,uncertain
3725.jpg,fear
3726.jpg,fear
3727.jpg,uncertain
3728.jpg,sad
3729.jpg,neutral
373.jpg,happy
3730.jpg,anger
3731.jpg,disgust
3732.jpg,neutral
3733.jpg,neutral
3734.jpg,contempt
3735.jpg,surprise
3736.jpg,surprise
3737.jpg,contempt
3738.jpg,sad
3739.jpg,uncertain
374.jpg,happy
3740.jpg,fear
3741.jpg,surprise
3742.jpg,sad
3743.jpg,fear
3744.jpg,anger
3745.jpg,sad
3746.jpg,sad
3747.jpg,contempt
3748.jpg,fear
3749.jpg,sad
375.jpg,fear
3750.jpg,surprise
3751.jpg,fear
3752.jpg,surprise
3753.jpg,anger
3754.jpg,neutral
3755.jpg,surprise
3756.jpg,happy
3757.jpg,neutral
3758.jpg,neutral
3759.jpg,neutral
376.jpg,neutral
3760.jpg,sad
3761.jpg,uncertain
3762.jpg,neutral
3763.jpg,uncertain
3764.jpg,surprise
3765.jpg,anger
3766.jpg,uncertain
3767.jpg,surprise
3768.jpg,uncertain
3769.jpg,surprise
377.jpg,neutral
3770.jpg,fear
3771.jpg,anger
3772.jpg,uncertain
3773.jpg,anger
3774.jpg,sad
3775.jpg,uncertain
3776.jpg,surprise
3777.jpg,uncertain
3778.jpg,contempt
3779.jpg,uncertain
378.jpg,sad
3780.jpg,uncertain
3781.jpg,sad
3782.jpg,happy
3783.jpg,anger
3784.jpg,neutral
3785.jpg,surprise
3786.jpg,sad
3787.jpg,surprise
3788.jpg,neutral
3789.jpg,sad
379.jpg,surprise
3790.jpg,fear
3791.jpg,sad
3792.jpg,surprise
3793.jpg,neutral
3794.jpg,sad
3795.jpg,fear
3796.jpg,surprise
3797.jpg,sad
3798.jpg,surprise
3799.jpg,fear
38.jpg,surprise
380.jpg,surprise
3800.jpg,contempt
3801.jpg,anger
3802.jpg,neutral
3803.jpg,fear
3804.jpg,anger
3805.jpg,disgust
3806.jpg,neutral
3807.jpg,neutral
3808.jpg,anger
3809.jpg,uncertain
381.jpg,neutral
3810.jpg,surprise
3811.jpg,surprise
3812.jpg,anger
3813.jpg,happy
3814.jpg,contempt
3815.jpg,surprise
3816.jpg,anger
3817.jpg,surprise
3818.jpg,surprise
3819.jpg,anger
382.jpg,contempt
3820.jpg,contempt
3821.jpg,surprise
3822.jpg,sad
3823.jpg,surprise
3824.jpg,happy
3825.jpg,uncertain
3826.jpg,anger
3827.jpg,surprise
3828.jpg,anger
3829.jpg,surprise
383.jpg,fear
3830.jpg,anger
3831.jpg,surprise
3832.jpg,neutral
3833.jpg,neutral
3834.jpg,surprise
3835.jpg,surprise
3836.jpg,neutral
3837.jpg,anger
3838.jpg,anger
3839.jpg,uncertain
384.jpg,disgust
3840.jpg,fear
3841.jpg,anger
3842.jpg,uncertain
3843.jpg,anger
3844.jpg,neutral
3845.jpg,fear
3846.jpg,sad
3847.jpg,fear
3848.jpg,fear
3849.jpg,sad
385.jpg,sad
3850.jpg,fear
3851.jpg,anger
3852.jpg,fear
3853.jpg,neutral
3854.jpg,sad
3855.jpg,fear
3856.jpg,sad
3857.jpg,surprise
3858.jpg,neutral
3859.jpg,uncertain
386.jpg,uncertain
3860.jpg,sad
3861.jpg,happy
3862.jpg,contempt
3863.jpg,sad
3864.jpg,neutral
3865.jpg,fear
3866.jpg,fear
3867.jpg,uncertain
3868.jpg,neutral
3869.jpg,uncertain
387.jpg,anger
3870.jpg,happy
3871.jpg,anger
3872.jpg,surprise
3873.jpg,happy
3874.jpg,sad
3875.jpg,uncertain
3876.jpg,anger
3877.jpg,surprise
3878.jpg,neutral
3879.jpg,sad
388.jpg,uncertain
3880.jpg,neutral
3881.jpg,anger
3882.jpg,anger
3883.jpg,anger
3884.jpg,neutral
3885.jpg,fear
3886.jpg,sad
3887.jpg,sad
3888.jpg,contempt
3889.jpg,surprise
389.jpg,anger
3890.jpg,uncertain
3891.jpg,happy
3892.jpg,neutral
3893.jpg,sad
3894.jpg,neutral
3895.jpg,sad
3896.jpg,sad
3897.jpg,contempt
3898.jpg,anger
3899.jpg,anger
39.jpg,contempt
390.jpg,fear
3900.jpg,neutral
3901.jpg,happy
3902.jpg,surprise
3903.jpg,uncertain
3904.jpg,anger
3905.jpg,neutral
3906.jpg,sad
3907.jpg,anger
3908.jpg,contempt
3909.jpg,fear
391.jpg,uncertain
3910.jpg,happy
3911.jpg,surprise
3912.jpg,fear
3913.jpg,uncertain
3914.jpg,fear
3915.jpg,sad
3916.jpg,happy
3917.jpg,anger
3918.jpg,neutral
3919.jpg,neutral
392.jpg,sad
3920.jpg,uncertain
3921.jpg,surprise
3922.jpg,neutral
3923.jpg,surprise
3924.jpg,neutral
3925.jpg,fear
3926.jpg,fear
3927.jpg,anger
3928.jpg,uncertain
3929.jpg,sad
393.jpg,anger
3930.jpg,sad
3931.jpg,sad
3932.jpg,surprise
3933.jpg,anger
3934.jpg,uncertain
3935.jpg,surprise
3936.jpg,neutral
3937.jpg,anger
3938.jpg,happy
3939.jpg,happy
394.jpg,neutral
3940.jpg,contempt
3941.jpg,neutral
3942.jpg,contempt
3943.jpg,neutral
3944.jpg,neutral
3945.jpg,surprise
3946.jpg,neutral
3947.jpg,fear
3948.jpg,anger
3949.jpg,neutral
395.jpg,neutral
3950.jpg,surprise
3951.jpg,uncertain
3952.jpg,anger
3953.jpg,sad
3954.jpg,disgust
3955.jpg,uncertain
3956.jpg,surprise
3957.jpg,uncertain
3958.jpg,uncertain
3959.jpg,surprise
396.jpg,fear
3960.jpg,anger
3961.jpg,sad
3962.jpg,uncertain
3963.jpg,surprise
3964.jpg,sad
3965.jpg,uncertain
3966.jpg,uncertain
3967.jpg,fear
3968.jpg,anger
3969.jpg,anger
397.jpg,surprise
3970.jpg,anger
3971.jpg,happy
3972.jpg,contempt
3973.jpg,uncertain
3974.jpg,sad
3975.jpg,neutral
3976.jpg,happy
3977.jpg,neutral
3978.jpg,neutral
3979.jpg,uncertain
398.jpg,fear
3980.jpg,anger
3981.jpg,surprise
3982.jpg,sad
3983.jpg,uncertain
3984.jpg,sad
3985.jpg,sad
3986.jpg,uncertain
3987.jpg,contempt
3988.jpg,anger
3989.jpg,contempt
399.jpg,neutral
3990.jpg,contempt
3991.jpg,neutral
3992.jpg,fear
3993.jpg,anger
3994.jpg,neutral
3995.jpg,sad
3996.jpg,happy
3997.jpg,neutral
3998.jpg,contempt
3999.jpg,neutral
4.jpg,neutral
40.jpg,neutral
400.jpg,contempt
4000.jpg,surprise
4001.jpg,sad
4002.jpg,contempt
4003.jpg,neutral
4004.jpg,contempt
4005.jpg,fear
4006.jpg,anger
4007.jpg,neutral
4008.jpg,sad
4009.jpg,fear
401.jpg,fear
4010.jpg,contempt
4011.jpg,contempt
4012.jpg,uncertain
4013.jpg,neutral
4014.jpg,sad
4015.jpg,happy
4016.jpg,sad
4017.jpg,uncertain
4018.jpg,anger
4019.jpg,neutral
402.jpg,neutral
4020.jpg,contempt
4021.jpg,surprise
4022.jpg,happy
4023.jpg,sad
4024.jpg,contempt
4025.jpg,happy
4026.jpg,sad
4027.jpg,surprise
4028.jpg,happy
4029.jpg,contempt
403.jpg,sad
4030.jpg,surprise
4031.jpg,fear
4032.jpg,uncertain
4033.jpg,uncertain
4034.jpg,surprise
4035.jpg,fear
4036.jpg,fear
4037.jpg,disgust
4038.jpg,uncertain
4039.jpg,anger
404.jpg,sad
4040.jpg,happy
4041.jpg,neutral
4042.jpg,disgust
4043.jpg,sad
4044.jpg,neutral
4045.jpg,sad
4046.jpg,happy
4047.jpg,surprise
4048.jpg,fear
4049.jpg,surprise
405.jpg,contempt
4050.jpg,happy
4051.jpg,contempt
4052.jpg,anger
4053.jpg,neutral
4054.jpg,anger
4055.jpg,anger
4056.jpg,neutral
4057.jpg,sad
4058.jpg,happy
4059.jpg,sad
406.jpg,happy
4060.jpg,neutral
4061.jpg,surprise
4062.jpg,contempt
4063.jpg,anger
4064.jpg,uncertain
4065.jpg,surprise
4066.jpg,neutral
4067.jpg,contempt
4068.jpg,contempt
4069.jpg,surprise
407.jpg,sad
4070.jpg,neutral
4071.jpg,contempt
4072.jpg,sad
4073.jpg,uncertain
4074.jpg,happy
4075.jpg,surprise
4076.jpg,uncertain
4077.jpg,neutral
4078.jpg,anger
4079.jpg,surprise
408.jpg,surprise
4080.jpg,neutral
4081.jpg,surprise
4082.jpg,anger
4083.jpg,anger
4084.jpg,uncertain
4085.jpg,surprise
4086.jpg,contempt
4087.jpg,anger
4088.jpg,contempt
4089.jpg,happy
409.jpg,surprise
4090.jpg,surprise
4091.jpg,fear
4092.jpg,sad
4093.jpg,uncertain
4094.jpg,uncertain
4095.jpg,fear
4096.jpg,surprise
4097.jpg,fear
4098.jpg,contempt
4099.jpg,fear
41.jpg,fear
410.jpg,sad
4100.jpg,anger
4101.jpg,neutral
4102.jpg,anger
4103.jpg,fear
4104.jpg,sad
4105.jpg,sad
4106.jpg,contempt
4107.jpg,fear
4108.jpg,surprise
4109.jpg,uncertain
411.jpg,anger
4110.jpg,sad
4111.jpg,fear
4112.jpg,neutral
4113.jpg,anger
4114.jpg,anger
4115.jpg,neutral
4116.jpg,contempt
4117.jpg,surprise
4118.jpg,anger
4119.jpg,sad
412.jpg,neutral
4120.jpg,uncertain
4121.jpg,contempt
4122.jpg,neutral
4123.jpg,uncertain
4124.jpg,surprise
4125.jpg,uncertain
4126.jpg,surprise
4127.jpg,surprise
4128.jpg,contempt
4129.jpg,uncertain
413.jpg,uncertain
4130.jpg,happy
4131.jpg,anger
4132.jpg,neutral
4133.jpg,sad
4134.jpg,surprise
4135.jpg,uncertain
4136.jpg,sad
4137.jpg,fear
4138.jpg,anger
4139.jpg,anger
414.jpg,anger
4140.jpg,contempt
4141.jpg,fear
4142.jpg,contempt
4143.jpg,anger
4144.jpg,contempt
4145.jpg,surprise
4146.jpg,neutral
4147.jpg,surprise
4148.jpg,fear
4149.jpg,uncertain
415.jpg,surprise
4150.jpg,uncertain
4151.jpg,neutral
4152.jpg,happy
4153.jpg,fear
4154.jpg,sad
4155.jpg,happy
4156.jpg,happy
4157.jpg,anger
4158.jpg,neutral
4159.jpg,disgust
416.jpg,anger
4160.jpg,neutral
4161.jpg,happy
4162.jpg,sad
4163.jpg,contempt
4164.jpg,sad
4165.jpg,sad
4166.jpg,surprise
4167.jpg,uncertain
4168.jpg,surprise
4169.jpg,contempt
417.jpg,fear
4170.jpg,surprise
4171.jpg,sad
4172.jpg,surprise
4173.jpg,contempt
4174.jpg,neutral
4175.jpg,contempt
4176.jpg,uncertain
4177.jpg,sad
4178.jpg,sad
4179.jpg,happy
418.jpg,neutral
4180.jpg,neutral
4181.jpg,neutral
4182.jpg,contempt
4183.jpg,sad
4184.jpg,sad
4185.jpg,fear
4186.jpg,happy
4187.jpg,contempt
4188.jpg,contempt
4189.jpg,happy
419.jpg,fear
4190.jpg,disgust
4191.jpg,anger
4192.jpg,disgust
4193.jpg,anger
4194.jpg,anger
4195.jpg,uncertain
4196.jpg,anger
4197.jpg,contempt
4198.jpg,surprise
4199.jpg,surprise
42.jpg,anger
420.jpg,neutral
4200.jpg,sad
4201.jpg,sad
4202.jpg,neutral
4203.jpg,neutral
4204.jpg,neutral
4205.jpg,sad
4206.jpg,uncertain
4207.jpg,contempt
4208.jpg,neutral
4209.jpg,surprise
421.jpg,sad
4210.jpg,surprise
4211.jpg,sad
4212.jpg,disgust
4213.jpg,sad
4214.jpg,sad
4215.jpg,uncertain
4216.jpg,contempt
4217.jpg,contempt
4218.jpg,uncertain
4219.jpg,surprise
422.jpg,happy
4220.jpg,uncertain
4221.jpg,fear
4222.jpg,anger
4223.jpg,fear
4224.jpg,contempt
4225.jpg,uncertain
4226.jpg,happy
4227.jpg,fear
4228.jpg,anger
4229.jpg,fear
423.jpg,fear
4230.jpg,happy
4231.jpg,uncertain
4232.jpg,anger
4233.jpg,happy
4234.jpg,happy
4235.jpg,contempt
4236.jpg,fear
4237.jpg,surprise
4238.jpg,uncertain
4239.jpg,anger
424.jpg,neutral
4240.jpg,contempt
4241.jpg,uncertain
4242.jpg,uncertain
4243.jpg,neutral
4244.jpg,uncertain
4245.jpg,neutral
4246.jpg,neutral
4247.jpg,neutral
4248.jpg,anger
4249.jpg,anger
425.jpg,neutral
4250.jpg,surprise
4251.jpg,anger
4252.jpg,fear
4253.jpg,contempt
4254.jpg,neutral
4255.jpg,disgust
4256.jpg,neutral
4257.jpg,sad
4258.jpg,disgust
4259.jpg,neutral
426.jpg,anger
4260.jpg,sad
4261.jpg,happy
4262.jpg,sad
4263.jpg,contempt
4264.jpg,anger
4265.jpg,surprise
4266.jpg,uncertain
4267.jpg,happy
4268.jpg,contempt
4269.jpg,surprise
427.jpg,uncertain
4270.jpg,neutral
4271.jpg,surprise
4272.jpg,surprise
4273.jpg,uncertain
4274.jpg,uncertain
4275.jpg,sad
4276.jpg,sad
4277.jpg,uncertain
4278.jpg,neutral
4279.jpg,uncertain
428.jpg,uncertain
4280.jpg,neutral
4281.jpg,neutral
4282.jpg,fear
4283.jpg,neutral
4284.jpg,happy
4285.jpg,disgust
4286.jpg,disgust
4287.jpg,anger
4288.jpg,sad
4289.jpg,fear
429.jpg,anger
4290.jpg,anger
4291.jpg,surprise
4292.jpg,sad
4293.jpg,uncertain
4294.jpg,happy
4295.jpg,fear
4296.jpg,anger
4297.jpg,contempt
4298.jpg,neutral
4299.jpg,surprise
43.jpg,anger
430.jpg,anger
4300.jpg,sad
4301.jpg,surprise
4302.jpg,fear
4303.jpg,contempt
4304.jpg,uncertain
4305.jpg,anger
4306.jpg,sad
4307.jpg,happy
4308.jpg,surprise
4309.jpg,anger
431.jpg,surprise
4310.jpg,anger
4311.jpg,anger
4312.jpg,anger
4313.jpg,neutral
4314.jpg,sad
4315.jpg,happy
4316.jpg,sad
4317.jpg,happy
4318.jpg,neutral
4319.jpg,fear
432.jpg,uncertain
4320.jpg,anger
4321.jpg,happy
4322.jpg,happy
4323.jpg,fear
4324.jpg,happy
4325.jpg,fear
4326.jpg,fear
4327.jpg,happy
4328.jpg,anger
4329.jpg,surprise
433.jpg,contempt
4330.jpg,neutral
4331.jpg,happy
4332.jpg,happy
4333.jpg,fear
4334.jpg,surprise
4335.jpg,anger
4336.jpg,uncertain
4337.jpg,uncertain
4338.jpg,sad
4339.jpg,fear
434.jpg,happy
4340.jpg,fear
4341.jpg,anger
4342.jpg,contempt
4343.jpg,anger
4344.jpg,contempt
4345.jpg,contempt
4346.jpg,uncertain
4347.jpg,surprise
4348.jpg,surprise
4349.jpg,surprise
435.jpg,uncertain
4350.jpg,uncertain
4351.jpg,neutral
4352.jpg,neutral
4353.jpg,contempt
4354.jpg,sad
4355.jpg,neutral
4356.jpg,sad
4357.jpg,sad
4358.jpg,happy
4359.jpg,surprise
436.jpg,surprise
4360.jpg,sad
4361.jpg,contempt
4362.jpg,surprise
4363.jpg,surprise
4364.jpg,fear
4365.jpg,contempt
4366.jpg,surprise
4367.jpg,anger
4368.jpg,uncertain
4369.jpg,happy
437.jpg,fear
4370.jpg,surprise
4371.jpg,surprise
4372.jpg,anger
4373.jpg,contempt
4374.jpg,sad
4375.jpg,uncertain
4376.jpg,happy
4377.jpg,sad
4378.jpg,anger
4379.jpg,neutral
438.jpg,anger
4380.jpg,anger
4381.jpg,uncertain
4382.jpg,uncertain
4383.jpg,uncertain
4384.jpg,anger
4385.jpg,happy
4386.jpg,anger
4387.jpg,anger
4388.jpg,fear
4389.jpg,sad
439.jpg,neutral
4390.jpg,contempt
4391.jpg,fear
4392.jpg,anger
4393.jpg,contempt
4394.jpg,neutral
4395.jpg,surprise
4396.jpg,neutral
4397.jpg,neutral
4398.jpg,anger
4399.jpg,neutral
44.jpg,contempt
440.jpg,sad
4400.jpg,neutral
4401.jpg,happy
4402.jpg,anger
4403.jpg,anger
4404.jpg,surprise
4405.jpg,uncertain
4406.jpg,surprise
4407.jpg,neutral
4408.jpg,anger
4409.jpg,happy
441.jpg,anger
4410.jpg,anger
4411.jpg,contempt
4412.jpg,fear
4413.jpg,fear
4414.jpg,anger
4415.jpg,contempt
4416.jpg,fear
4417.jpg,anger
4418.jpg,surprise
4419.jpg,happy
442.jpg,neutral
4420.jpg,fear
4421.jpg,anger
4422.jpg,disgust
4423.jpg,neutral
4424.jpg,contempt
4425.jpg,uncertain
4426.jpg,neutral
4427.jpg,sad
4428.jpg,fear
4429.jpg,neutral
443.jpg,fear
4430.jpg,anger
4431.jpg,uncertain
4432.jpg,uncertain
4433.jpg,uncertain
4434.jpg,disgust
4435.jpg,anger
4436.jpg,neutral
4437.jpg,anger
4438.jpg,neutral
4439.jpg,contempt
444.jpg,fear
4440.jpg,uncertain
4441.jpg,anger
4442.jpg,contempt
4443.jpg,sad
4444.jpg,anger
4445.jpg,surprise
4446.jpg,neutral
4447.jpg,surprise
4448.jpg,sad
4449.jpg,anger
445.jpg,surprise
4450.jpg,sad
4451.jpg,disgust
4452.jpg,disgust
4453.jpg,sad
4454.jpg,sad
4455.jpg,neutral
4456.jpg,surprise
4457.jpg,surprise
4458.jpg,sad
4459.jpg,uncertain
446.jpg,contempt
4460.jpg,anger
4461.jpg,contempt
4462.jpg,happy
4463.jpg,uncertain
4464.jpg,surprise
4465.jpg,uncertain
4466.jpg,disgust
4467.jpg,uncertain
4468.jpg,happy
4469.jpg,sad
447.jpg,uncertain
4470.jpg,happy
4471.jpg,anger
4472.jpg,neutral
4473.jpg,anger
4474.jpg,neutral
4475.jpg,neutral
4476.jpg,surprise
4477.jpg,surprise
4478.jpg,sad
4479.jpg,surprise
448.jpg,fear
4480.jpg,sad
4481.jpg,fear
4482.jpg,fear
4483.jpg,neutral
4484.jpg,neutral
4485.jpg,fear
4486.jpg,anger
4487.jpg,sad
4488.jpg,happy
4489.jpg,fear
449.jpg,fear
4490.jpg,anger
4491.jpg,surprise
4492.jpg,fear
4493.jpg,fear
4494.jpg,anger
4495.jpg,disgust
4496.jpg,surprise
4497.jpg,anger
4498.jpg,sad
4499.jpg,happy
45.jpg,fear
450.jpg,neutral
4500.jpg,uncertain
4501.jpg,uncertain
4502.jpg,anger
4503.jpg,neutral
4504.jpg,neutral
4505.jpg,disgust
4506.jpg,sad
4507.jpg,anger
4508.jpg,sad
4509.jpg,anger
451.jpg,sad
4510.jpg,neutral
4511.jpg,surprise
4512.jpg,surprise
4513.jpg,anger
4514.jpg,uncertain
4515.jpg,contempt
4516.jpg,happy
4517.jpg,disgust
4518.jpg,neutral
4519.jpg,anger
452.jpg,sad
4520.jpg,anger
4521.jpg,fear
4522.jpg,neutral
4523.jpg,uncertain
4524.jpg,uncertain
4525.jpg,contempt
4526.jpg,uncertain
4527.jpg,neutral
4528.jpg,contempt
4529.jpg,fear
453.jpg,surprise
4530.jpg,neutral
4531.jpg,sad
4532.jpg,neutral
4533.jpg,anger
4534.jpg,disgust
4535.jpg,sad
4536.jpg,anger
4537.jpg,anger
4538.jpg,sad
4539.jpg,anger
454.jpg,uncertain
4540.jpg,sad
4541.jpg,neutral
4542.jpg,sad
4543.jpg,sad
4544.jpg,uncertain
4545.jpg,uncertain
4546.jpg,anger
4547.jpg,happy
4548.jpg,sad
4549.jpg,surprise
455.jpg,uncertain
4550.jpg,fear
4551.jpg,neutral
4552.jpg,neutral
4553.jpg,fear
4554.jpg,uncertain
4555.jpg,neutral
4556.jpg,neutral
4557.jpg,uncertain
4558.jpg,contempt
4559.jpg,anger
456.jpg,happy
4560.jpg,anger
4561.jpg,fear
4562.jpg,contempt
4563.jpg,uncertain
4564.jpg,surprise
4565.jpg,anger
4566.jpg,anger
4567.jpg,surprise
4568.jpg,sad
4569.jpg,fear
457.jpg,surprise
4570.jpg,sad
4571.jpg,surprise
4572.jpg,uncertain
4573.jpg,surprise
4574.jpg,happy
4575.jpg,neutral
4576.jpg,neutral
4577.jpg,surprise
4578.jpg,contempt
4579.jpg,surprise
458.jpg,sad
4580.jpg,neutral
4581.jpg,neutral
4582.jpg,sad
4583.jpg,surprise
4584.jpg,anger
4585.jpg,uncertain
4586.jpg,contempt
4587.jpg,fear
4588.jpg,contempt
4589.jpg,sad
459.jpg,uncertain
4590.jpg,uncertain
4591.jpg,anger
4592.jpg,contempt
4593.jpg,fear
4594.jpg,contempt
4595.jpg,surprise
4596.jpg,fear
4597.jpg,neutral
4598.jpg,neutral
4599.jpg,fear
46.jpg,uncertain
460.jpg,sad
4600.jpg,neutral
4601.jpg,fear
4602.jpg,surprise
4603.jpg,anger
4604.jpg,anger
4605.jpg,sad
4606.jpg,contempt
4607.jpg,happy
4608.jpg,sad
4609.jpg,uncertain
461.jpg,anger
4610.jpg,fear
4611.jpg,surprise
4612.jpg,contempt
4613.jpg,neutral
4614.jpg,uncertain
4615.jpg,neutral
4616.jpg,happy
4617.jpg,sad
4618.jpg,disgust
4619.jpg,surprise
462.jpg,surprise
4620.jpg,anger
4621.jpg,contempt
4622.jpg,fear
4623.jpg,fear
4624.jpg,fear
4625.jpg,sad
4626.jpg,happy
4627.jpg,sad
4628.jpg,fear
4629.jpg,fear
463.jpg,sad
4630.jpg,sad
4631.jpg,surprise
4632.jpg,neutral
4633.jpg,sad
4634.jpg,uncertain
4635.jpg,surprise
4636.jpg,disgust
4637.jpg,surprise
4638.jpg,neutral
4639.jpg,surprise
464.jpg,neutral
4640.jpg,fear
4641.jpg,neutral
4642.jpg,anger
4643.jpg,neutral
4644.jpg,uncertain
4645.jpg,uncertain
4646.jpg,happy
4647.jpg,anger
4648.jpg,contempt
4649.jpg,sad
465.jpg,sad
4650.jpg,anger
4651.jpg,disgust
4652.jpg,surprise
4653.jpg,surprise
4654.jpg,contempt
4655.jpg,contempt
4656.jpg,anger
4657.jpg,neutral
4658.jpg,sad
4659.jpg,anger
466.jpg,neutral
4660.jpg,neutral
4661.jpg,fear
4662.jpg,uncertain
4663.jpg,uncertain
4664.jpg,surprise
4665.jpg,anger
4666.jpg,neutral
4667.jpg,neutral
4668.jpg,surprise
4669.jpg,sad
467.jpg,fear
4670.jpg,happy
4671.jpg,anger
4672.jpg,disgust
4673.jpg,happy
4674.jpg,fear
4675.jpg,sad
4676.jpg,surprise
4677.jpg,happy
4678.jpg,fear
4679.jpg,fear
468.jpg,happy
4680.jpg,neutral
4681.jpg,anger
4682.jpg,neutral
4683.jpg,neutral
4684.jpg,sad
4685.jpg,neutral
4686.jpg,sad
4687.jpg,sad
4688.jpg,neutral
4689.jpg,fear
469.jpg,surprise
4690.jpg,fear
4691.jpg,anger
4692.jpg,anger
4693.jpg,sad
4694.jpg,sad
4695.jpg,sad
4696.jpg,surprise
4697.jpg,surprise
4698.jpg,neutral
4699.jpg,happy
47.jpg,neutral
470.jpg,surprise
4700.jpg,neutral
4701.jpg,fear
4702.jpg,happy
4703.jpg,anger
4704.jpg,sad
4705.jpg,sad
4706.jpg,fear
4707.jpg,anger
4708.jpg,contempt
4709.jpg,contempt
471.jpg,sad
4710.jpg,neutral
4711.jpg,neutral
4712.jpg,anger
4713.jpg,anger
4714.jpg,anger
4715.jpg,surprise
4716.jpg,anger
4717.jpg,sad
4718.jpg,neutral
4719.jpg,fear
472.jpg,anger
4720.jpg,surprise
4721.jpg,uncertain
4722.jpg,neutral
4723.jpg,neutral
4724.jpg,happy
4725.jpg,disgust
4726.jpg,neutral
4727.jpg,sad
4728.jpg,disgust
4729.jpg,contempt
473.jpg,fear
4730.jpg,uncertain
4731.jpg,anger
4732.jpg,anger
4733.jpg,happy
4734.jpg,anger
4735.jpg,contempt
4736.jpg,anger
4737.jpg,sad
4738.jpg,uncertain
4739.jpg,neutral
474.jpg,disgust
4740.jpg,sad
4741.jpg,uncertain
4742.jpg,surprise
4743.jpg,uncertain
4744.jpg,contempt
4745.jpg,sad
4746.jpg,anger
4747.jpg,neutral
4748.jpg,fear
4749.jpg,anger
475.jpg,contempt
4750.jpg,surprise
4751.jpg,contempt
4752.jpg,uncertain
4753.jpg,neutral
4754.jpg,surprise
4755.jpg,contempt
4756.jpg,anger
4757.jpg,sad
4758.jpg,uncertain
4759.jpg,sad
476.jpg,anger
4760.jpg,neutral
4761.jpg,sad
4762.jpg,contempt
4763.jpg,anger
4764.jpg,sad
4765.jpg,sad
4766.jpg,fear
4767.jpg,happy
4768.jpg,surprise
4769.jpg,fear
477.jpg,sad
4770.jpg,fear
4771.jpg,neutral
4772.jpg,neutral
4773.jpg,surprise
4774.jpg,sad
4775.jpg,neutral
4776.jpg,disgust
4777.jpg,uncertain
4778.jpg,happy
4779.jpg,fear
478.jpg,contempt
4780.jpg,sad
4781.jpg,happy
4782.jpg,fear
4783.jpg,contempt
4784.jpg,contempt
4785.jpg,sad
4786.jpg,happy
4787.jpg,sad
4788.jpg,surprise
4789.jpg,contempt
479.jpg,anger
4790.jpg,anger
4791.jpg,anger
4792.jpg,uncertain
4793.jpg,fear
4794.jpg,surprise
4795.jpg,uncertain
4796.jpg,happy
4797.jpg,happy
4798.jpg,sad
4799.jpg,neutral
48.jpg,neutral
480.jpg,surprise
4800.jpg,neutral
4801.jpg,uncertain
4802.jpg,anger
4803.jpg,neutral
4804.jpg,neutral
4805.jpg,happy
4806.jpg,fear
4807.jpg,anger
4808.jpg,sad
4809.jpg,surprise
481.jpg,uncertain
4810.jpg,neutral
4811.jpg,sad
4812.jpg,surprise
4813.jpg,sad
4814.jpg,sad
4815.jpg,anger
4816.jpg,fear
4817.jpg,happy
4818.jpg,surprise
4819.jpg,neutral
482.jpg,fear
4820.jpg,happy
4821.jpg,anger
4822.jpg,sad
4823.jpg,anger
4824.jpg,fear
4825.jpg,neutral
4826.jpg,uncertain
4827.jpg,fear
4828.jpg,fear
4829.jpg,uncertain
483.jpg,sad
4830.jpg,fear
4831.jpg,fear
4832.jpg,neutral
4833.jpg,uncertain
4834.jpg,surprise
4835.jpg,happy
4836.jpg,uncertain
4837.jpg,happy
4838.jpg,neutral
4839.jpg,anger
484.jpg,surprise
4840.jpg,sad
4841.jpg,neutral
4842.jpg,sad
4843.jpg,neutral
4844.jpg,fear
4845.jpg,happy
4846.jpg,sad
4847.jpg,sad
4848.jpg,uncertain
4849.jpg,sad
485.jpg,happy
4850.jpg,sad
4851.jpg,happy
4852.jpg,anger
4853.jpg,sad
4854.jpg,sad
4855.jpg,uncertain
4856.jpg,uncertain
4857.jpg,anger
4858.jpg,sad
4859.jpg,contempt
486.jpg,happy
4860.jpg,uncertain
4861.jpg,disgust
4862.jpg,contempt
4863.jpg,sad
4864.jpg,contempt
4865.jpg,fear
4866.jpg,surprise
4867.jpg,uncertain
4868.jpg,contempt
4869.jpg,sad
487.jpg,surprise
4870.jpg,neutral
4871.jpg,neutral
4872.jpg,fear
4873.jpg,anger
4874.jpg,neutral
4875.jpg,sad
4876.jpg,anger
4877.jpg,sad
4878.jpg,neutral
4879.jpg,uncertain
488.jpg,anger
4880.jpg,neutral
4881.jpg,anger
4882.jpg,fear
4883.jpg,sad
4884.jpg,anger
4885.jpg,neutral
4886.jpg,contempt
4887.jpg,sad
4888.jpg,anger
4889.jpg,uncertain
489.jpg,anger
4890.jpg,anger
4891.jpg,fear
4892.jpg,anger
4893.jpg,contempt
4894.jpg,uncertain
4895.jpg,neutral
4896.jpg,sad
4897.jpg,neutral
4898.jpg,neutral
4899.jpg,neutral
49.jpg,uncertain
490.jpg,sad
4900.jpg,sad
4901.jpg,neutral
4902.jpg,uncertain
4903.jpg,sad
4904.jpg,uncertain
4905.jpg,anger
4906.jpg,neutral
4907.jpg,neutral
4908.jpg,sad
4909.jpg,sad
491.jpg,fear
4910.jpg,surprise
4911.jpg,fear
4912.jpg,fear
4913.jpg,neutral
4914.jpg,happy
4915.jpg,sad
4916.jpg,anger
4917.jpg,surprise
4918.jpg,happy
4919.jpg,anger
492.jpg,contempt
4920.jpg,anger
4921.jpg,neutral
4922.jpg,uncertain
4923.jpg,surprise
4924.jpg,uncertain
4925.jpg,anger
4926.jpg,anger
4927.jpg,contempt
4928.jpg,anger
4929.jpg,surprise
493.jpg,neutral
4930.jpg,uncertain
4931.jpg,neutral
4932.jpg,uncertain
4933.jpg,contempt
4934.jpg,contempt
4935.jpg,surprise
4936.jpg,anger
4937.jpg,uncertain
4938.jpg,fear
4939.jpg,contempt
494.jpg,anger
4940.jpg,surprise
4941.jpg,contempt
4942.jpg,neutral
4943.jpg,neutral
4944.jpg,surprise
4945.jpg,fear
4946.jpg,happy
4947.jpg,uncertain
4948.jpg,neutral
4949.jpg,fear
495.jpg,happy
4950.jpg,uncertain
4951.jpg,fear
4952.jpg,surprise
4953.jpg,surprise
4954.jpg,anger
4955.jpg,contempt
4956.jpg,contempt
4957.jpg,anger
4958.jpg,uncertain
4959.jpg,contempt
496.jpg,anger
4960.jpg,anger
4961.jpg,sad
4962.jpg,fear
4963.jpg,anger
4964.jpg,neutral
4965.jpg,sad
4966.jpg,neutral
4967.jpg,fear
4968.jpg,sad
4969.jpg,happy
497.jpg,anger
4970.jpg,uncertain
4971.jpg,uncertain
4972.jpg,neutral
4973.jpg,uncertain
4974.jpg,happy
4975.jpg,contempt
4976.jpg,contempt
4977.jpg,happy
4978.jpg,surprise
4979.jpg,uncertain
498.jpg,fear
4980.jpg,anger
4981.jpg,contempt
4982.jpg,neutral
4983.jpg,uncertain
4984.jpg,sad
4985.jpg,anger
4986.jpg,uncertain
4987.jpg,anger
4988.jpg,surprise
4989.jpg,neutral
499.jpg,sad
4990.jpg,fear
4991.jpg,anger
4992.jpg,neutral
4993.jpg,sad
4994.jpg,sad
4995.jpg,uncertain
4996.jpg,fear
4997.jpg,surprise
4998.jpg,surprise
4999.jpg,neutral
5.jpg,fear
50.jpg,uncertain
500.jpg,surprise
501.jpg,sad
502.jpg,sad
503.jpg,neutral
504.jpg,fear
505.jpg,anger
506.jpg,fear
507.jpg,neutral
508.jpg,fear
509.jpg,fear
51.jpg,surprise
510.jpg,surprise
511.jpg,surprise
512.jpg,happy
513.jpg,anger
514.jpg,sad
515.jpg,anger
516.jpg,surprise
517.jpg,anger
518.jpg,anger
519.jpg,surprise
52.jpg,contempt
520.jpg,surprise
521.jpg,sad
522.jpg,surprise
523.jpg,neutral
524.jpg,happy
525.jpg,uncertain
526.jpg,fear
527.jpg,fear
528.jpg,uncertain
529.jpg,uncertain
53.jpg,anger
530.jpg,uncertain
531.jpg,disgust
532.jpg,sad
533.jpg,sad
534.jpg,fear
535.jpg,uncertain
536.jpg,uncertain
537.jpg,sad
538.jpg,neutral
539.jpg,surprise
54.jpg,disgust
540.jpg,surprise
541.jpg,neutral
542.jpg,fear
543.jpg,fear
544.jpg,surprise
545.jpg,sad
546.jpg,uncertain
547.jpg,surprise
548.jpg,sad
549.jpg,neutral
55.jpg,contempt
550.jpg,sad
551.jpg,happy
552.jpg,anger
553.jpg,happy
554.jpg,neutral
555.jpg,neutral
556.jpg,anger
557.jpg,uncertain
558.jpg,sad
559.jpg,neutral
56.jpg,disgust
560.jpg,surprise
561.jpg,sad
562.jpg,uncertain
563.jpg,happy
564.jpg,uncertain
565.jpg,surprise
566.jpg,uncertain
567.jpg,sad
568.jpg,neutral
569.jpg,uncertain
57.jpg,contempt
570.jpg,surprise
571.jpg,sad
572.jpg,fear
573.jpg,happy
574.jpg,anger
575.jpg,uncertain
576.jpg,disgust
577.jpg,surprise
578.jpg,sad
579.jpg,neutral
58.jpg,anger
580.jpg,anger
581.jpg,anger
582.jpg,sad
583.jpg,fear
584.jpg,fear
585.jpg,neutral
586.jpg,uncertain
587.jpg,happy
588.jpg,contempt
589.jpg,uncertain
59.jpg,anger
590.jpg,sad
591.jpg,fear
592.jpg,uncertain
593.jpg,uncertain
594.jpg,disgust
595.jpg,happy
596.jpg,sad
597.jpg,contempt
598.jpg,disgust
599.jpg,contempt
6.jpg,anger
60.jpg,sad
600.jpg,neutral
601.jpg,surprise
602.jpg,anger
603.jpg,anger
604.jpg,surprise
605.jpg,sad
606.jpg,anger
607.jpg,neutral
608.jpg,fear
609.jpg,uncertain
61.jpg,neutral
610.jpg,anger
611.jpg,fear
612.jpg,surprise
613.jpg,anger
614.jpg,surprise
615.jpg,contempt
616.jpg,fear
617.jpg,anger
618.jpg,anger
619.jpg,disgust
62.jpg,surprise
620.jpg,surprise
621.jpg,fear
622.jpg,happy
623.jpg,neutral
624.jpg,fear
625.jpg,anger
626.jpg,neutral
627.jpg,surprise
628.jpg,neutral
629.jpg,anger
63.jpg,surprise
630.jpg,disgust
631.jpg,anger
632.jpg,anger
633.jpg,sad
634.jpg,happy
635.jpg,uncertain
636.jpg,disgust
637.jpg,surprise
638.jpg,surprise
639.jpg,uncertain
64.jpg,uncertain
640.jpg,sad
641.jpg,sad
642.jpg,neutral
643.jpg,happy
644.jpg,surprise
645.jpg,anger
646.jpg,neutral
647.jpg,surprise
648.jpg,contempt
649.jpg,surprise
65.jpg,anger
650.jpg,anger
651.jpg,sad
652.jpg,sad
653.jpg,anger
654.jpg,sad
655.jpg,contempt
656.jpg,anger
657.jpg,fear
658.jpg,uncertain
659.jpg,uncertain
66.jpg,anger
660.jpg,sad
661.jpg,sad
662.jpg,fear
663.jpg,fear
664.jpg,happy
665.jpg,sad
666.jpg,anger
667.jpg,sad
668.jpg,uncertain
669.jpg,surprise
67.jpg,happy
670.jpg,surprise
671.jpg,neutral
672.jpg,neutral
673.jpg,neutral
674.jpg,uncertain
675.jpg,contempt
676.jpg,neutral
677.jpg,fear
678.jpg,happy
679.jpg,sad
68.jpg,anger
680.jpg,contempt
681.jpg,sad
682.jpg,anger
683.jpg,neutral
684.jpg,uncertain
685.jpg,fear
686.jpg,happy
687.jpg,sad
688.jpg,surprise
689.jpg,sad
69.jpg,anger
690.jpg,surprise
691.jpg,anger
692.jpg,disgust
693.jpg,surprise
694.jpg,contempt
695.jpg,neutral
696.jpg,anger
697.jpg,surprise
698.jpg,happy
699.jpg,anger
7.jpg,neutral
70.jpg,uncertain
700.jpg,sad
701.jpg,fear
702.jpg,sad
703.jpg,neutral
704.jpg,uncertain
705.jpg,sad
706.jpg,surprise
707.jpg,neutral
708.jpg,sad
709.jpg,sad
71.jpg,neutral
710.jpg,surprise
711.jpg,fear
712.jpg,anger
713.jpg,uncertain
714.jpg,sad
715.jpg,happy
716.jpg,fear
717.jpg,neutral
718.jpg,anger
719.jpg,anger
72.jpg,anger
720.jpg,fear
721.jpg,anger
722.jpg,sad
723.jpg,surprise
724.jpg,contempt
725.jpg,surprise
726.jpg,contempt
727.jpg,contempt
728.jpg,neutral
729.jpg,neutral
73.jpg,sad
730.jpg,fear
731.jpg,anger
732.jpg,fear
733.jpg,sad
734.jpg,uncertain
735.jpg,uncertain
736.jpg,anger
737.jpg,contempt
738.jpg,neutral
739.jpg,neutral
74.jpg,anger
740.jpg,uncertain
741.jpg,anger
742.jpg,uncertain
743.jpg,fear
744.jpg,sad
745.jpg,fear
746.jpg,happy
747.jpg,contempt
748.jpg,sad
749.jpg,uncertain
75.jpg,happy
750.jpg,happy
751.jpg,anger
752.jpg,uncertain
753.jpg,anger
754.jpg,surprise
755.jpg,fear
756.jpg,contempt
757.jpg,anger
758.jpg,fear
759.jpg,sad
76.jpg,fear
760.jpg,anger
761.jpg,uncertain
762.jpg,fear
763.jpg,sad
764.jpg,surprise
765.jpg,happy
766.jpg,anger
767.jpg,anger
768.jpg,contempt
769.jpg,happy
77.jpg,neutral
770.jpg,contempt
771.jpg,fear
772.jpg,contempt
773.jpg,anger
774.jpg,fear
775.jpg,sad
776.jpg,contempt
777.jpg,anger
778.jpg,fear
779.jpg,surprise
78.jpg,neutral
780.jpg,fear
781.jpg,contempt
782.jpg,surprise
783.jpg,neutral
784.jpg,fear
785.jpg,contempt
786.jpg,surprise
787.jpg,anger
788.jpg,uncertain
789.jpg,fear
79.jpg,anger
790.jpg,neutral
791.jpg,uncertain
792.jpg,sad
793.jpg,sad
794.jpg,surprise
795.jpg,happy
796.jpg,anger
797.jpg,uncertain
798.jpg,happy
799.jpg,sad
8.jpg,fear
80.jpg,sad
800.jpg,sad
801.jpg,fear
802.jpg,contempt
803.jpg,fear
804.jpg,happy
805.jpg,surprise
806.jpg,fear
807.jpg,uncertain
808.jpg,uncertain
809.jpg,uncertain
81.jpg,anger
810.jpg,contempt
811.jpg,fear
812.jpg,happy
813.jpg,surprise
814.jpg,fear
815.jpg,anger
816.jpg,uncertain
817.jpg,uncertain
818.jpg,surprise
819.jpg,happy
82.jpg,surprise
820.jpg,uncertain
821.jpg,sad
822.jpg,surprise
823.jpg,surprise
824.jpg,neutral
825.jpg,disgust
826.jpg,happy
827.jpg,anger
828.jpg,surprise
829.jpg,sad
83.jpg,anger
830.jpg,neutral
831.jpg,neutral
832.jpg,anger
833.jpg,uncertain
834.jpg,uncertain
835.jpg,sad
836.jpg,uncertain
837.jpg,neutral
838.jpg,neutral
839.jpg,neutral
84.jpg,contempt
840.jpg,uncertain
841.jpg,neutral
842.jpg,surprise
843.jpg,contempt
844.jpg,anger
845.jpg,uncertain
846.jpg,contempt
847.jpg,uncertain
848.jpg,anger
849.jpg,contempt
85.jpg,fear
850.jpg,fear
851.jpg,fear
852.jpg,fear
853.jpg,uncertain
854.jpg,anger
855.jpg,disgust
856.jpg,surprise
857.jpg,neutral
858.jpg,surprise
859.jpg,neutral
86.jpg,neutral
860.jpg,anger
861.jpg,sad
862.jpg,surprise
863.jpg,disgust
864.jpg,surprise
865.jpg,contempt
866.jpg,contempt
867.jpg,anger
868.jpg,uncertain
869.jpg,neutral
87.jpg,surprise
870.jpg,happy
871.jpg,anger
872.jpg,sad
873.jpg,surprise
874.jpg,sad
875.jpg,surprise
876.jpg,anger
877.jpg,contempt
878.jpg,fear
879.jpg,neutral
88.jpg,neutral
880.jpg,surprise
881.jpg,anger
882.jpg,neutral
883.jpg,anger
884.jpg,anger
885.jpg,fear
886.jpg,uncertain
887.jpg,neutral
888.jpg,anger
889.jpg,neutral
89.jpg,fear
890.jpg,sad
891.jpg,anger
892.jpg,uncertain
893.jpg,anger
894.jpg,uncertain
895.jpg,sad
896.jpg,happy
897.jpg,neutral
898.jpg,neutral
899.jpg,sad
9.jpg,fear
90.jpg,surprise
900.jpg,neutral
901.jpg,contempt
902.jpg,uncertain
903.jpg,surprise
904.jpg,uncertain
905.jpg,contempt
906.jpg,neutral
907.jpg,anger
908.jpg,sad
909.jpg,anger
91.jpg,anger
910.jpg,fear
911.jpg,surprise
912.jpg,contempt
913.jpg,disgust
914.jpg,surprise
915.jpg,neutral
916.jpg,sad
917.jpg,neutral
918.jpg,uncertain
919.jpg,anger
92.jpg,anger
920.jpg,sad
921.jpg,sad
922.jpg,sad
923.jpg,contempt
924.jpg,sad
925.jpg,uncertain
926.jpg,fear
927.jpg,fear
928.jpg,happy
929.jpg,fear
93.jpg,disgust
930.jpg,fear
931.jpg,surprise
932.jpg,anger
933.jpg,neutral
934.jpg,uncertain
935.jpg,anger
936.jpg,surprise
937.jpg,sad
938.jpg,anger
939.jpg,sad
94.jpg,sad
940.jpg,neutral
941.jpg,uncertain
942.jpg,anger
943.jpg,sad
944.jpg,surprise
945.jpg,fear
946.jpg,sad
947.jpg,contempt
948.jpg,fear
949.jpg,happy
95.jpg,neutral
950.jpg,neutral
951.jpg,uncertain
952.jpg,disgust
953.jpg,fear
954.jpg,anger
955.jpg,anger
956.jpg,surprise
957.jpg,surprise
958.jpg,uncertain
959.jpg,neutral
96.jpg,surprise
960.jpg,fear
961.jpg,uncertain
962.jpg,uncertain
963.jpg,surprise
964.jpg,anger
965.jpg,uncertain
966.jpg,anger
967.jpg,fear
968.jpg,neutral
969.jpg,anger
97.jpg,disgust
970.jpg,fear
971.jpg,surprise
972.jpg,neutral
973.jpg,disgust
974.jpg,neutral
975.jpg,sad
976.jpg,uncertain
977.jpg,happy
978.jpg,sad
979.jpg,sad
98.jpg,sad
980.jpg,neutral
981.jpg,sad
982.jpg,uncertain
983.jpg,sad
984.jpg,neutral
985.jpg,happy
986.jpg,neutral
987.jpg,uncertain
988.jpg,uncertain
989.jpg,neutral
99.jpg,anger
990.jpg,neutral
991.jpg,neutral
992.jpg,fear
993.jpg,happy
994.jpg,surprise
995.jpg,surprise
996.jpg,happy
997.jpg,anger
998.jpg,neutral
999.jpg,happy
